Sydney,Sydney,New South Wales,https://en.wikipedia.org/wiki/Sydney,33°51′54″S,151°12′34″E,-33.865,151.20944444444444, 1788,1788
Parramatta,Parramatta,New South Wales,https://en.wikipedia.org/wiki/Parramatta,33°48′54″S,151°00′4″E,-33.815,151.0011111111111,1788,1788
"Kingston, Norfolk Island",Kingston,Norfolk Island,"https://en.wikipedia.org/wiki/Kingston,_Norfolk_Island",29°3′S,167°58′E,-29.05,167.96666666666667,6 March 1788,1788
"Windsor, New South Wales",Windsor,New South Wales,"https://en.wikipedia.org/wiki/Windsor,_New_South_Wales",33°36′54″S,150°49′02″E,-33.615,150.81722222222223,1791,1791
"Pitt Town Bottoms, New South Wales",Pitt Town Bottoms,New South Wales,"https://en.wikipedia.org/wiki/Pitt_Town_Bottoms,_New_South_Wales",33°35′59″S,150°51′5″E,-33.599722222222226,150.8513888888889,1794,1794
"Richmond, New South Wales",Richmond,New South Wales,"https://en.wikipedia.org/wiki/Richmond,_New_South_Wales",33°36′S,150°45′E,-33.6,150.75,1794,1794
"Liverpool, New South Wales",Liverpool,New South Wales,"https://en.wikipedia.org/wiki/Liverpool,_New_South_Wales",33°55′14″S,150°55′24″E,-33.92055555555555,150.92333333333332,1810,1798
"Hobart, Tasmania",Hobart,Tasmania,"https://en.wikipedia.org/wiki/Hobart,_Tasmania",42°52′50″S,147°19′30″E,-42.88055555555555,147.325,20 February 1804,1803
"George Town, Tasmania",George Town,Tasmania,"https://en.wikipedia.org/wiki/George_Town,_Tasmania",41°06′S,146°49′E,-41.1,146.81666666666666,1804,1804
"Newcastle, New South Wales",Newcastle,New South Wales,"https://en.wikipedia.org/wiki/Newcastle,_New_South_Wales",32°55′S,151°45′E,-32.916666666666664,151.75,1804,1804
"Launceston, Tasmania",Launceston,Tasmania,"https://en.wikipedia.org/wiki/Launceston,_Tasmania",41°26′31″S,147°8′42″E,-41.44194444444444,147.14499999999998,1806,1806
"New Norfolk, Tasmania",New Norfolk,Tasmania,"https://en.wikipedia.org/wiki/New_Norfolk,_Tasmania",42°46′58″S,147°03′34″E,-42.782777777777774,147.05944444444447,,1807
"Sorell, Tasmania",Sorell,Tasmania,"https://en.wikipedia.org/wiki/Sorell,_Tasmania",42°47′S,147°34′E,-42.78333333333333,147.56666666666666,1808,1808
"Ross, Tasmania",Ross,Tasmania,"https://en.wikipedia.org/wiki/Ross,_Tasmania",42°01′48″S,147°29′31″E,-42.03,147.49194444444444,1812,1812
"Longford, Tasmania",Longford,Tasmania,"https://en.wikipedia.org/wiki/Longford,_Tasmania",41°35′45.05″S,147°7′18.52″E,-41.595847222222226,147.12181111111113,1813,1813
"Bathurst, New South Wales",Bathurst,New South Wales,"https://en.wikipedia.org/wiki/Bathurst,_New_South_Wales",33°25′12″S,149°34′40″E,-33.419999999999995,149.57777777777778,1814,1814
"Blackheath, New South Wales",Blackheath,New South Wales,"https://en.wikipedia.org/wiki/Blackheath,_New_South_Wales",33°38′08″S,150°17′01″E,-33.635555555555555,150.2836111111111,1815,1815
"Shellharbour, New South Wales",Shellharbour,New South Wales,"https://en.wikipedia.org/wiki/Shellharbour,_New_South_Wales",34°35′S,150°52′E,-34.583333333333336,150.86666666666667,1817,1817
"Penrith, New South Wales",Penrith,New South Wales,"https://en.wikipedia.org/wiki/Penrith,_New_South_Wales",33°45′29″S,150°42′20″E,-33.75805555555556,150.70555555555555,1815,1818
"Singleton, New South Wales",Singleton,New South Wales,"https://en.wikipedia.org/wiki/Singleton,_New_South_Wales",32°34′0″S,151°10′11″E,-32.56666666666667,151.16972222222222,,1820
"Campbelltown, New South Wales",Campbelltown,New South Wales,"https://en.wikipedia.org/wiki/Campbelltown,_New_South_Wales",34°3′54″S,150°48′51″E,-34.065,150.81416666666667,1820,1820
"Maitland, New South Wales",Maitland,New South Wales,"https://en.wikipedia.org/wiki/Maitland,_New_South_Wales",32°43′S,151°33′E,-32.71666666666667,151.55,1820,1820
"Morpeth, New South Wales",Morpeth,New South Wales,"https://en.wikipedia.org/wiki/Morpeth,_New_South_Wales",32°43′34″S,151°37′54″E,-32.726111111111116,151.63166666666666,1821,1821
"Port Macquarie, New South Wales",Port Macquarie,New South Wales,"https://en.wikipedia.org/wiki/Port_Macquarie,_New_South_Wales",31°26′S,152°54′E,-31.433333333333334,152.9,,1821
Gosford,Gosford,New South Wales,https://en.wikipedia.org/wiki/Gosford,33°25′25″S,151°20′30″E,-33.42361111111111,151.34166666666667,,1823
"Richmond, Tasmania",Richmond,Tasmania,"https://en.wikipedia.org/wiki/Richmond,_Tasmania",42°44′S,147°26′E,-42.733333333333334,147.43333333333334,,1823
"Wellington, New South Wales",Wellington,New South Wales,"https://en.wikipedia.org/wiki/Wellington,_New_South_Wales",32°33′0″S,148°56′0″E,-32.55,148.93333333333334,,1823
"Redcliffe, Queensland",Redcliffe,Queensland,"https://en.wikipedia.org/wiki/Redcliffe,_Queensland",27°13′33″S,153°06′23″E,-27.22583333333333,153.1063888888889,13 September 1824,1824
"Brisbane, Queensland",Brisbane,Queensland,"https://en.wikipedia.org/wiki/Brisbane,_Queensland",27°28′04″S,153°01′41″E,-27.467777777777776,153.02805555555557,13 May 1825,1825
"Albany, Western Australia",Albany,Western Australia,"https://en.wikipedia.org/wiki/Albany,_Western_Australia",35°01′22″S,117°52′53″E,-35.022777777777776,117.88138888888888,26 December 1826,1826
"Young, New South Wales",Young,New South Wales,"https://en.wikipedia.org/wiki/Young,_New_South_Wales",34°18′0″S,148°18′0″E,-34.3,148.3,1826,1826
"Burnie, Tasmania",Burnie,Tasmania,"https://en.wikipedia.org/wiki/Burnie,_Tasmania",41°03′49″S,145°52′31″E,-41.06361111111111,145.8752777777778,,1827
"Tarago, New South Wales",Tarago,New South Wales,"https://en.wikipedia.org/wiki/Tarago,_New_South_Wales",35°05′0″S,149°39′0″E,-35.083333333333336,149.65,1827,1827
Fremantle,Fremantle,Western Australia,https://en.wikipedia.org/wiki/Fremantle,32°03′25″S,115°44′38″E,-32.05694444444444,115.74388888888889,1829,1829
"Perth, Western Australia",Perth,Western Australia,"https://en.wikipedia.org/wiki/Perth,_Western_Australia",31°57′8″S,115°51′32″E,-31.952222222222222,115.85888888888888,1829,1829
"Guildford, Western Australia",Guildford,Western Australia,"https://en.wikipedia.org/wiki/Guildford,_Western_Australia",31°54′00″S,115°58′23″E,-31.9,115.97305555555556,1829,1829
"Augusta, Western Australia",Augusta,Western Australia,"https://en.wikipedia.org/wiki/Augusta,_Western_Australia",34°18′43″S,115°09′32″E,-34.31194444444444,115.1588888888889,1830,1830
"Berrima, New South Wales",Berrima,New South Wales,"https://en.wikipedia.org/wiki/Berrima,_New_South_Wales",34°29′S,150°21′E,-34.483333333333334,150.35,1830,1830
"Port Arthur, Tasmania",Port Arthur,Tasmania,"https://en.wikipedia.org/wiki/Port_Arthur,_Tasmania",43°09′0″S,147°51′0″E,-43.15,147.85,1830,1830
Mandurah,Mandurah,Western Australia,https://en.wikipedia.org/wiki/Mandurah,32°31′44″S,115°43′23″E,-32.528888888888886,115.72305555555556,1831,1831
"Taree, New South Wales",Taree,New South Wales,"https://en.wikipedia.org/wiki/Taree,_New_South_Wales",31°54′0″S,152°27′0″E,-31.9,152.45,1831,1831
Busselton,Busselton,Western Australia,https://en.wikipedia.org/wiki/Busselton,33°38′52″S,115°20′45″E,-33.647777777777776,115.34583333333333,1832,1832
"Northam, Western Australia",Northam,Western Australia,"https://en.wikipedia.org/wiki/Northam,_Western_Australia",31°39′11″S,116°39′58″E,-31.653055555555554,116.66611111111112,1833,1833
"Goulburn, New South Wales",Goulburn,New South Wales,"https://en.wikipedia.org/wiki/Goulburn,_New_South_Wales",34°45′17″S,149°37′7″E,-34.75472222222222,149.6186111111111,1833,1833
"Muswellbrook, New South Wales",Muswellbrook,New South Wales,"https://en.wikipedia.org/wiki/Muswellbrook,_New_South_Wales",32°16′S,150°54′E,-32.266666666666666,150.9,1833,1833
"Portland, Victoria",Portland,Victoria,"https://en.wikipedia.org/wiki/Portland,_Victoria",38°20′0″S,141°36′0″E,-38.333333333333336,141.6,1834,1834
Wollongong,Wollongong,New South Wales,https://en.wikipedia.org/wiki/Wollongong,34°25′59″S,150°52′59″E,-34.433055555555555,150.88305555555556,,1834
"Pinjarra, Western Australia",Pinjarra,Western Australia,"https://en.wikipedia.org/wiki/Pinjarra,_Western_Australia",32°37′48″S,115°52′16″E,-32.63,115.8711111111111,,1834
"York, Western Australia",York,Western Australia,"https://en.wikipedia.org/wiki/York,_Western_Australia",31°53′18″S,116°46′07″E,-31.888333333333332,116.76861111111111,1835,1835
"Melbourne, Victoria",Melbourne,Victoria,"https://en.wikipedia.org/wiki/Melbourne,_Victoria",37°48′49″S,144°57′47″E,-37.81361111111111,144.96305555555554,30 August 1835,1835
Adelaide,Adelaide,South Australia,https://en.wikipedia.org/wiki/Adelaide,34°55′44″S,138°36′4″E,-34.928888888888885,138.6011111111111,28 December 1836,1836
"Bunbury, Western Australia",Bunbury,Western Australia,"https://en.wikipedia.org/wiki/Bunbury,_Western_Australia",33°20′S,115°38′E,-33.333333333333336,115.63333333333334,1836,1836
"Gawler, South Australia",Gawler,South Australia,"https://en.wikipedia.org/wiki/Gawler,_South_Australia",34°35′53″S,138°44′42″E,-34.59805555555556,138.74499999999998,1836,1836
"Holbrook, New South Wales",Holbrook,New South Wales,"https://en.wikipedia.org/wiki/Holbrook,_New_South_Wales",35°42′0″S,147°19′0″E,-35.7,147.31666666666666,1836,1836
"Kempsey, New South Wales",Kempsey,New South Wales,"https://en.wikipedia.org/wiki/Kempsey,_New_South_Wales",31°5′S,152°50′E,-31.083333333333332,152.83333333333334,1836,1836
"Kingscote, South Australia",Kingscote,South Australia,"https://en.wikipedia.org/wiki/Kingscote,_South_Australia",35°39′11″S,137°38′03″E,-35.653055555555554,137.63416666666666,1836,1836
"Littlehampton, South Australia",Littlehampton,South Australia,"https://en.wikipedia.org/wiki/Littlehampton,_South_Australia",35°03′0″S,138°51′0″E,-35.05,138.85,1836,1836
"Sunbury, Victoria",Sunbury,Victoria,"https://en.wikipedia.org/wiki/Sunbury,_Victoria",37°34′52″S,144°42′50″E,-37.58111111111111,144.71388888888887,1836,1836
"Wauchope, New South Wales",Wauchope,New South Wales,"https://en.wikipedia.org/wiki/Wauchope,_New_South_Wales",31°27′0″S,152°44′0″E,-31.45,152.73333333333332,1836,1836
"Bungendore, New South Wales",Bungendore,New South Wales,"https://en.wikipedia.org/wiki/Bungendore,_New_South_Wales",35°15′0″S,149°27′0″E,-35.25,149.45,1837,1837
"Colo Vale, New South Wales",Colo Vale,New South Wales,"https://en.wikipedia.org/wiki/Colo_Vale,_New_South_Wales",34°24′S,150°29′E,-34.4,150.48333333333332,1837,1837
"Dandenong, Victoria",Dandenong,Victoria,"https://en.wikipedia.org/wiki/Dandenong,_Victoria",37°58′52″S,145°12′54″E,-37.98111111111111,145.21499999999997,1837,1837
"Southport, Tasmania",Southport,Tasmania,"https://en.wikipedia.org/wiki/Southport,_Tasmania",43°25′50″S,146°58′30″E,-43.43055555555555,146.975,1837,1837
"Yass, New South Wales",Yass,New South Wales,"https://en.wikipedia.org/wiki/Yass,_New_South_Wales",34°49′0″S,148°54′0″E,-34.81666666666667,148.9,1837,1837
Ballarat,Ballarat,Victoria,https://en.wikipedia.org/wiki/Ballarat,37°33′0″S,143°51′0″E,-37.55,143.85,1838,1838
Geelong,Geelong,Victoria,https://en.wikipedia.org/wiki/Geelong,38°09′0″S,144°21′0″E,-38.15,144.35,1838,1838
Gundagai,Gundagai,New South Wales,https://en.wikipedia.org/wiki/Gundagai,35°03′57″S,148°06′28″E,-35.06583333333333,148.10777777777778,1838,1838
Queanbeyan,Queanbeyan,New South Wales,https://en.wikipedia.org/wiki/Queanbeyan,35°21′12″S,149°14′03″E,-35.35333333333333,149.23416666666665,1838,1838
"Albury, New South Wales",Albury,New South Wales,"https://en.wikipedia.org/wiki/Albury,_New_South_Wales",36°04′50″S,146°54′57″E,-36.080555555555556,146.91583333333335,1839,1839
"Braidwood, New South Wales",Braidwood,New South Wales,"https://en.wikipedia.org/wiki/Braidwood,_New_South_Wales",35°26′0″S,149°48′0″E,-35.43333333333333,149.8,,1839
Echunga,Echunga,South Australia,https://en.wikipedia.org/wiki/Echunga,35°06′0″S,138°47′0″E,-35.1,138.78333333333333,1839,1839
"Gumeracha, South Australia",Gumeracha,South Australia,"https://en.wikipedia.org/wiki/Gumeracha,_South_Australia",34°49′37″S,138°53′00″E,-34.82694444444445,138.88333333333333,1839,1839
"Hahndorf, South Australia",Hahndorf,South Australia,"https://en.wikipedia.org/wiki/Hahndorf,_South_Australia",35°01′49″S,138°48′28″E,-35.030277777777776,138.8077777777778,1839,1839
"Mount Barker, South Australia",Mount Barker,South Australia,"https://en.wikipedia.org/wiki/Mount_Barker,_South_Australia",35°04′S,138°51′E,-35.06666666666667,138.85,1839,1839
Port Lincoln,Port Lincoln,South Australia,https://en.wikipedia.org/wiki/Port_Lincoln,34°43′56″S,135°51′31″E,-34.73222222222223,135.85861111111112,1839,1839
"Seymour, Victoria",Seymour,Victoria,"https://en.wikipedia.org/wiki/Seymour,_Victoria",37°1′48″S,145°7′48″E,-37.03,145.13,1839,1839
"Thebarton, South Australia",Thebarton,South Australia,"https://en.wikipedia.org/wiki/Thebarton,_South_Australia",34°54′S,138°34′E,-34.9,138.56666666666666,1839,1839
Benalla,Benalla,Victoria,https://en.wikipedia.org/wiki/Benalla,36°33′07″S,145°58′54″E,-36.551944444444445,145.98166666666665,1840s,1840
"Dalby, Queensland",Dalby,Queensland,"https://en.wikipedia.org/wiki/Dalby,_Queensland",27°11′S,151°16′E,-27.183333333333334,151.26666666666668,,1840
Traralgon,Traralgon,Victoria,https://en.wikipedia.org/wiki/Traralgon,38°11′45″S,146°32′25″E,-38.19583333333333,146.5402777777778,1840s,1840
Toowoomba,Toowoomba,Queensland,https://en.wikipedia.org/wiki/Toowoomba,27°34′S,151°57′E,-27.566666666666666,151.95,1849,1840
"Ulladulla, New South Wales",Ulladulla,New South Wales,"https://en.wikipedia.org/wiki/Ulladulla,_New_South_Wales",35°20′55″S,150°28′4″E,-35.34861111111111,150.46777777777777,,1840
Wee Waa,Wee Waa,New South Wales,https://en.wikipedia.org/wiki/Wee_Waa,30°12′S,149°26′E,-30.2,149.43333333333334,,1840
"Macclesfield, South Australia",Macclesfield,South Australia,"https://en.wikipedia.org/wiki/Macclesfield,_South_Australia",35°10′0″S,138°50′0″E,-35.166666666666664,138.83333333333334,1840,1840
"Oakbank, South Australia",Oakbank,South Australia,"https://en.wikipedia.org/wiki/Oakbank,_South_Australia",34°59′0″S,138°51′0″E,-34.983333333333334,138.85,1840,1840
"Ballina, New South Wales",Ballina,New South Wales,"https://en.wikipedia.org/wiki/Ballina,_New_South_Wales",28°50′0″S,153°32′0″E,-28.833333333333332,153.53333333333333,1840s,1842
Caboolture,Caboolture,Queensland,https://en.wikipedia.org/wiki/Caboolture,27°04′S,152°58′E,-27.066666666666666,152.96666666666667,1842,1842
"Horsham, Victoria",Horsham,Victoria,"https://en.wikipedia.org/wiki/Horsham,_Victoria",36°43′S,142°12′E,-36.71666666666667,142.2,,1842
"Kapunda, South Australia",Kapunda,South Australia,"https://en.wikipedia.org/wiki/Kapunda,_South_Australia",34°20′20″S,138°55′00″E,-34.33888888888889,138.91666666666666,1839,1842
Lobethal,Lobethal,South Australia,https://en.wikipedia.org/wiki/Lobethal,34°54′0″S,138°52′0″E,-34.9,138.86666666666667,1842,1842
"Boydtown, New South Wales",Boydtown,New South Wales,"https://en.wikipedia.org/wiki/Boydtown,_New_South_Wales",37°06′S,149°53′E,-37.1,149.88333333333333,,1843
"Eden, New South Wales",Eden,New South Wales,"https://en.wikipedia.org/wiki/Eden,_New_South_Wales",37°04′0″S,149°54′0″E,-37.06666666666667,149.9,,1843
Wangaratta,Wangaratta,Victoria,https://en.wikipedia.org/wiki/Wangaratta,36°21′30″S,146°18′45″E,-36.358333333333334,146.3125,,1843
Bacchus Marsh,Bacchus Marsh,Victoria,https://en.wikipedia.org/wiki/Bacchus_Marsh,37°40′30″S,144°26′20″E,-37.675,144.4388888888889,,1844
"Tweed Heads, New South Wales",Tweed Heads,New South Wales,"https://en.wikipedia.org/wiki/Tweed_Heads,_New_South_Wales",28°11′0″S,153°33′0″E,-28.183333333333334,153.55,1844,1844
Jimboomba,Jimboomba,Queensland,https://en.wikipedia.org/wiki/Jimboomba,27°50′S,153°02′E,-27.833333333333332,153.03333333333333,1845,1845
Port Pirie,Port Pirie,South Australia,https://en.wikipedia.org/wiki/Port_Pirie,33°11′9″S,138°1′1″E,-33.18583333333333,138.01694444444445,1845,1845
"Ipswich, Queensland",Ipswich,Queensland,"https://en.wikipedia.org/wiki/Ipswich,_Queensland",27°37′S,152°46′E,-27.616666666666667,152.76666666666668,1827,1846
"Orange, New South Wales",Orange,New South Wales,"https://en.wikipedia.org/wiki/Orange,_New_South_Wales",33°17′0″S,149°06′0″E,-33.28333333333333,149.1,1846,1846
"Temora, New South Wales",Temora,New South Wales,"https://en.wikipedia.org/wiki/Temora,_New_South_Wales",34°26′0″S,147°32′0″E,-34.43333333333333,147.53333333333333,,1847
"Maryborough, Queensland",Maryborough,Queensland,"https://en.wikipedia.org/wiki/Maryborough,_Queensland",25°32′15″S,152°42′07″E,-25.5375,152.70194444444442,1847,1847
"Rockingham, Western Australia",Rockingham,Western Australia,"https://en.wikipedia.org/wiki/Rockingham,_Western_Australia",32°16′52″S,115°43′37″E,-32.28111111111111,115.72694444444444,1847,1847
Wagga Wagga,Wagga Wagga,New South Wales,https://en.wikipedia.org/wiki/Wagga_Wagga,35°7′8″S,147°22′8″E,-35.11888888888889,147.3688888888889,1829 (explored),1847
"Birdwood, South Australia",Birdwood,South Australia,"https://en.wikipedia.org/wiki/Birdwood,_South_Australia",34°49′15″S,138°57′47″E,-34.82083333333334,138.96305555555554,1848,1848
"Nanango, Queensland",Nanango,Queensland,"https://en.wikipedia.org/wiki/Nanango,_Queensland",26°40′0″S,152°00′0″E,-26.666666666666668,152.0,,1848
"Armidale, New South Wales",Armidale,New South Wales,"https://en.wikipedia.org/wiki/Armidale,_New_South_Wales",30°30′S,151°39′E,-30.5,151.65,1849,1849
Cooma,Cooma,New South Wales,https://en.wikipedia.org/wiki/Cooma,36°14′06″S,149°07′33″E,-36.235,149.12583333333333,1849,1849
Dubbo,Dubbo,New South Wales,https://en.wikipedia.org/wiki/Dubbo,32°15′25″S,148°36′4″E,-32.25694444444444,148.6011111111111,1849,1849
Gayndah,Gayndah,Queensland,https://en.wikipedia.org/wiki/Gayndah,25°37′28″S,151°36′29″E,-25.624444444444446,151.60805555555555,1849,1849
"Surat, Queensland",Surat,Queensland,"https://en.wikipedia.org/wiki/Surat,_Queensland",27°09′16″S,149°04′04″E,-27.154444444444444,149.06777777777776,1849,1849
Boggabri,Boggabri,New South Wales,https://en.wikipedia.org/wiki/Boggabri,30°42′S,150°02′E,-30.7,150.03333333333333,1850s,1850
"Casino, New South Wales",Casino,New South Wales,"https://en.wikipedia.org/wiki/Casino,_New_South_Wales",28°52′0″S,153°03′0″E,-28.866666666666667,153.05,,1850
"Woodside, South Australia",Woodside,South Australia,"https://en.wikipedia.org/wiki/Woodside,_South_Australia",34°57′11″S,138°52′27″E,-34.95305555555556,138.87416666666667,1850s,1850
"Cessnock, New South Wales",Cessnock,New South Wales,"https://en.wikipedia.org/wiki/Cessnock,_New_South_Wales",32°50′3″S,151°21′19.8″E,-32.83416666666667,151.3555,,1850
Deniliquin,Deniliquin,New South Wales,https://en.wikipedia.org/wiki/Deniliquin,35°32′0″S,144°58′0″E,-35.53333333333333,144.96666666666667,,1850
Geraldton,Geraldton,Western Australia,https://en.wikipedia.org/wiki/Geraldton,28°46′28″S,114°36′32″E,-28.774444444444445,114.60888888888888,1850,1850
"Meadows, South Australia",Meadows,South Australia,"https://en.wikipedia.org/wiki/Meadows,_South_Australia",35°11′0″S,138°45′0″E,-35.18333333333333,138.75,Circa 1850,1850
"Warwick, Queensland",Warwick,Queensland,"https://en.wikipedia.org/wiki/Warwick,_Queensland",28°12′55″S,152°02′07″E,-28.21527777777778,152.03527777777776,1850,1850
"Tamworth, New South Wales",Tamworth,New South Wales,"https://en.wikipedia.org/wiki/Tamworth,_New_South_Wales",31°05′S,150°55′E,-31.083333333333332,150.91666666666666,1818 (explored),1850
"Bega, New South Wales",Bega,New South Wales,"https://en.wikipedia.org/wiki/Bega,_New_South_Wales",36°40′S,149°50′E,-36.666666666666664,149.83333333333334,1851,1851
Bendigo,Bendigo,Victoria,https://en.wikipedia.org/wiki/Bendigo,36°45′0″S,144°16′0″E,-36.75,144.26666666666668,1851,1851
"Castlemaine, Victoria",Castlemaine,Victoria,"https://en.wikipedia.org/wiki/Castlemaine,_Victoria",37°3′49″S,144°13′2″E,-37.06361111111111,144.21722222222223,1851,1851
"Grafton, New South Wales",Grafton,New South Wales,"https://en.wikipedia.org/wiki/Grafton,_New_South_Wales",29°41′0″S,152°56′0″E,-29.683333333333334,152.93333333333334,1851,1851
"Hamilton, Victoria",Hamilton,Victoria,"https://en.wikipedia.org/wiki/Hamilton,_Victoria",37°44′0″S,142°01′0″E,-37.733333333333334,142.01666666666668,,1851
"Horsham, Victoria",Horsham,Victoria,"https://en.wikipedia.org/wiki/Horsham,_Victoria",36°43′S,142°12′E,-36.71666666666667,142.2,,1851
Moama,Moama,New South Wales,https://en.wikipedia.org/wiki/Moama,36°5′0″S,144°45′0″E,-36.083333333333336,144.75,1851,1851
"Sale, Victoria",Sale,Victoria,"https://en.wikipedia.org/wiki/Sale,_Victoria",38°06′S,147°04′E,-38.1,147.06666666666666,1851,1851
"Tenterfield, New South Wales",Tenterfield,New South Wales,"https://en.wikipedia.org/wiki/Tenterfield,_New_South_Wales",29°02′55″S,152°01′04″E,-29.048611111111114,152.01777777777778,1851,1851
"Bordertown, South Australia",Bordertown,South Australia,"https://en.wikipedia.org/wiki/Bordertown,_South_Australia",36°18′42″S,140°46′13″E,-36.31166666666666,140.77027777777778,1852 (town),1852
"Daylesford, Victoria",Daylesford,Victoria,"https://en.wikipedia.org/wiki/Daylesford,_Victoria",37°21′0″S,144°09′0″E,-37.35,144.15,1852,1852
"Glen Innes, New South Wales",Glen Innes,New South Wales,"https://en.wikipedia.org/wiki/Glen_Innes,_New_South_Wales",29°45′00″S,151°44′10″E,-29.75,151.7361111111111,1852,1852
"Lismore, New South Wales",Lismore,New South Wales,"https://en.wikipedia.org/wiki/Lismore,_New_South_Wales",28°49′0″S,153°17′0″E,-28.816666666666666,153.28333333333333,1856,1852
"Mount Gambier, South Australia",Mount Gambier,South Australia,"https://en.wikipedia.org/wiki/Mount_Gambier,_South_Australia",37°49′46″S,140°46′58″E,-37.82944444444445,140.7827777777778,1854,1852
"Nowra, New South Wales",Nowra,New South Wales,"https://en.wikipedia.org/wiki/Nowra,_New_South_Wales",34°53′S,150°36′E,-34.88333333333333,150.6,1852,1852
Port Augusta,Port Augusta,South Australia,https://en.wikipedia.org/wiki/Port_Augusta,32°29′33″S,137°45′57″E,-32.4925,137.76583333333335,1852,1852
"Port Elliot, South Australia",Port Elliot,South Australia,"https://en.wikipedia.org/wiki/Port_Elliot,_South_Australia",35°32′04″S,138°40′44″E,-35.53444444444444,138.67888888888888,By 1852 (town),1852
"Walcha, New South Wales",Walcha,New South Wales,"https://en.wikipedia.org/wiki/Walcha,_New_South_Wales",30°59′S,151°36′E,-30.983333333333334,151.6,1852,1852
Wodonga,Wodonga,Victoria,https://en.wikipedia.org/wiki/Wodonga,36°07′17″S,146°53′17″E,-36.12138888888889,146.88805555555555,1852,1852
Beechworth,Beechworth,Victoria,https://en.wikipedia.org/wiki/Beechworth,36°21′34″S,146°41′13″E,-36.35944444444445,146.68694444444444,,1853
"Goolwa, South Australia",Goolwa,South Australia,"https://en.wikipedia.org/wiki/Goolwa,_South_Australia",35°30′0″S,138°46′0″E,-35.5,138.76666666666668,1853,1853
"Parkes, New South Wales",Parkes,New South Wales,"https://en.wikipedia.org/wiki/Parkes,_New_South_Wales",33°08′0″S,148°10′0″E,-33.13333333333333,148.16666666666666,1873,1853
Port Gregory,Port Gregory,Western Australia,https://en.wikipedia.org/wiki/Port_Gregory,28°11′00″S,114°15′00″E,-28.183333333333334,114.25,1853,1853
"Colac, Victoria",Colac,Victoria,"https://en.wikipedia.org/wiki/Colac,_Victoria",38°20′25″S,143°35′05″E,-38.34027777777778,143.58472222222224,,1854
"Camperdown, Victoria",Camperdown,Victoria,"https://en.wikipedia.org/wiki/Camperdown,_Victoria",38°14′S,143°09′E,-38.233333333333334,143.15,1854,1854
"Devonport, Tasmania",Devonport,Tasmania,"https://en.wikipedia.org/wiki/Devonport,_Tasmania",41°10′50″S,146°20′47″E,-41.18055555555555,146.3463888888889,,1854
Echuca,Echuca,Victoria,https://en.wikipedia.org/wiki/Echuca,36°08′0″S,144°45′0″E,-36.13333333333333,144.75,,1854
"Gladstone, Queensland",Gladstone,Queensland,"https://en.wikipedia.org/wiki/Gladstone,_Queensland",23°50′56″S,151°15′45″E,-23.848888888888887,151.2625,,1854
"Stirling, South Australia",Stirling,South Australia,"https://en.wikipedia.org/wiki/Stirling,_South_Australia",35°00′0″S,138°43′0″E,-35.0,138.71666666666667,1854,1854
"Yamba, New South Wales",Yamba,New South Wales,"https://en.wikipedia.org/wiki/Yamba,_New_South_Wales",29°26′S,153°21′E,-29.433333333333334,153.35,1854,1854
"Gatton, Queensland",Gatton,Queensland,"https://en.wikipedia.org/wiki/Gatton,_Queensland",27°33′40″S,152°16′32″E,-27.561111111111114,152.27555555555557,1855,1855
"Samford, Queensland",Samford,Queensland,"https://en.wikipedia.org/wiki/Samford,_Queensland",27°22′S,152°53′E,-27.366666666666667,152.88333333333333,1855,1855
Warrnambool,Warrnambool,Victoria,https://en.wikipedia.org/wiki/Warrnambool,38°23′0″S,142°29′0″E,-38.38333333333333,142.48333333333332,1855,1855
Gunnedah,Gunnedah,New South Wales,https://en.wikipedia.org/wiki/Gunnedah,30°58′0″S,150°15′0″E,-30.966666666666665,150.25,1856,1856
Inverell,Inverell,New South Wales,https://en.wikipedia.org/wiki/Inverell,29°46′S,151°07′E,-29.766666666666666,151.11666666666667,1856,1856
Quirindi,Quirindi,New South Wales,https://en.wikipedia.org/wiki/Quirindi,31°30′29″S,150°40′48″E,-31.508055555555554,150.67999999999998,1856,1856
"Ararat, Victoria",Ararat,Victoria,"https://en.wikipedia.org/wiki/Ararat,_Victoria",37°17′0″S,142°55′0″E,-37.28333333333333,142.91666666666666,1857,1857
"Ulverstone, Tasmania",Ulverstone,Tasmania,"https://en.wikipedia.org/wiki/Ulverstone,_Tasmania",41°10′S,146°10′E,-41.166666666666664,146.16666666666666,,1857
"Chiltern, Victoria",Chiltern,Victoria,"https://en.wikipedia.org/wiki/Chiltern,_Victoria",36°09′0″S,146°36′0″E,-36.15,146.6,,1858
"Laidley, Queensland",Laidley,Queensland,"https://en.wikipedia.org/wiki/Laidley,_Queensland",27°37′53″S,152°23′38″E,-27.63138888888889,152.39388888888888,1858,1858
Rockhampton,Rockhampton,Queensland,https://en.wikipedia.org/wiki/Rockhampton,23°22.5′S,150°30.7′E,-23.368055555555557,150.50194444444443,1858,1858
"Corowa, New South Wales",Corowa,New South Wales,"https://en.wikipedia.org/wiki/Corowa,_New_South_Wales",35°59′0″S,146°23′0″E,-35.983333333333334,146.38333333333333,1858,1858
"Allora, Queensland",Allora,Queensland,"https://en.wikipedia.org/wiki/Allora,_Queensland",28°02′S,151°59′E,-28.033333333333335,151.98333333333332,,1859
Barmera,Barmera,South Australia,https://en.wikipedia.org/wiki/Barmera,34°15′S,140°28′E,-34.25,140.46666666666667,1859,1859
"Hay, New South Wales",Hay,New South Wales,"https://en.wikipedia.org/wiki/Hay,_New_South_Wales",34°30′0″S,144°51′0″E,-34.5,144.85,1859,1859
"Scottsdale, Tasmania",Scottsdale,Tasmania,"https://en.wikipedia.org/wiki/Scottsdale,_Tasmania",41°10′S,147°31′E,-41.166666666666664,147.51666666666668,,1859
"Walgett, New South Wales",Walgett,New South Wales,"https://en.wikipedia.org/wiki/Walgett,_New_South_Wales",30°01′0″S,148°07′0″E,-30.016666666666666,148.11666666666667,,1859
"Glenrowan, Victoria",Glenrowan,Victoria,"https://en.wikipedia.org/wiki/Glenrowan,_Victoria",36°28′0″S,146°14′0″E,-36.46666666666667,146.23333333333332,,1860
"Mangalore, Victoria",Mangalore,Victoria,"https://en.wikipedia.org/wiki/Mangalore,_Victoria",36°53′18″S,145°11′3″E,-36.888333333333335,145.18416666666667,1860s,1860
Bairnsdale,Bairnsdale,Victoria,https://en.wikipedia.org/wiki/Bairnsdale,37°50′0″S,147°37′0″E,-37.833333333333336,147.61666666666667,1860,1860
"Barnawartha, Victoria",Barnawartha,Victoria,"https://en.wikipedia.org/wiki/Barnawartha,_Victoria",36°06′0″S,146°40′0″E,-36.1,146.66666666666666,1860,1860
Shepparton,Shepparton,Victoria,https://en.wikipedia.org/wiki/Shepparton,36°23′S,145°24′E,-36.38333333333333,145.4,24 September 1860,1860
"Bowen, Queensland",Bowen,Queensland,"https://en.wikipedia.org/wiki/Bowen,_Queensland",20°01′0″S,148°14′0″E,-20.016666666666666,148.23333333333332,,1861
Bowral,Bowral,New South Wales,https://en.wikipedia.org/wiki/Bowral,34°28′45″S,150°25′5″E,-34.47916666666667,150.41805555555555,1861,1861
"Forbes, New South Wales",Forbes,New South Wales,"https://en.wikipedia.org/wiki/Forbes,_New_South_Wales",33°23′0″S,148°01′0″E,-33.38333333333333,148.01666666666668,1861,1861
"Moss Vale, New South Wales",Moss Vale,New South Wales,"https://en.wikipedia.org/wiki/Moss_Vale,_New_South_Wales",34°33′S,150°23′E,-34.55,150.38333333333333,1861,1861
"Inglewood, Queensland",Inglewood,Queensland,"https://en.wikipedia.org/wiki/Inglewood,_Queensland",28°24′58″S,151°04′48″E,-28.41611111111111,151.07999999999998,1862,1862
"Moree, New South Wales",Moree,New South Wales,"https://en.wikipedia.org/wiki/Moree,_New_South_Wales",29°27′57″S,149°50′02″E,-29.465833333333332,149.8338888888889,1862,1862
"St George, Queensland",St George,Queensland,"https://en.wikipedia.org/wiki/St_George,_Queensland",28°02′03″S,148°34′54″E,-28.034166666666668,148.58166666666665,1862,1862
"Tharwa, Australian Capital Territory",Tharwa,Australian Capital Territory,"https://en.wikipedia.org/wiki/Tharwa,_Australian_Capital_Territory",35°30′49″S,149°04′10″E,-35.51361111111111,149.06944444444443,1862,1862
"Cossack, Western Australia",Cossack,Western Australia,"https://en.wikipedia.org/wiki/Cossack,_Western_Australia",20°41′S,117°11′E,-20.683333333333334,117.18333333333334,1871 (renamed),1863
Springsure,Springsure,Queensland,https://en.wikipedia.org/wiki/Springsure,24°06′58″S,148°05′19″E,-24.116111111111113,148.08861111111113,,1863
"Tambo, Queensland",Tambo,Queensland,"https://en.wikipedia.org/wiki/Tambo,_Queensland",24°53′04″S,146°15′11″E,-24.884444444444444,146.25305555555556,1863,1863
"Victor Harbor, South Australia",Victor Harbor,South Australia,"https://en.wikipedia.org/wiki/Victor_Harbor,_South_Australia",35°33′0″S,138°37′0″E,-35.55,138.61666666666667,1863,1863
"Walhalla, Victoria",Walhalla,Victoria,"https://en.wikipedia.org/wiki/Walhalla,_Victoria",37°56′37″S,146°27′03″E,-37.94361111111111,146.45083333333332,,1863
"Clermont, Queensland",Clermont,Queensland,"https://en.wikipedia.org/wiki/Clermont,_Queensland",22°49′23″S,147°38′18″E,-22.823055555555555,147.63833333333332,1864,1864
"Northampton, Western Australia",Northampton,Western Australia,"https://en.wikipedia.org/wiki/Northampton,_Western_Australia",28°21′04″S,114°37′41″E,-28.351111111111113,114.62805555555555,1864,1864
"Ingham, Queensland",Ingham,Queensland,"https://en.wikipedia.org/wiki/Ingham,_Queensland",18°39′0″S,146°10′0″E,-18.65,146.16666666666666,1864,1864
"Mitchell, Queensland",Mitchell,Queensland,"https://en.wikipedia.org/wiki/Mitchell,_Queensland",26°29′10″S,147°58′31″E,-26.48611111111111,147.9752777777778,1864,1864
"Somerset, Queensland",Somerset,Queensland,"https://en.wikipedia.org/wiki/Somerset,_Queensland",10°49′13″S,142°31′03″E,-10.820277777777777,142.5175,,1864
"Burketown, Queensland",Burketown,Queensland,"https://en.wikipedia.org/wiki/Burketown,_Queensland",17°44′25″S,139°32′50″E,-17.740277777777777,139.54722222222222,1865,1865
"Charleville, Queensland",Charleville,Queensland,"https://en.wikipedia.org/wiki/Charleville,_Queensland",26°24′06″S,146°14′18″E,-26.401666666666664,146.23833333333332,1865,1865
Roebourne,Roebourne,Western Australia,https://en.wikipedia.org/wiki/Roebourne,20°46′00″S,117°09′00″E,-20.766666666666666,117.15,Proclaimed a township on 17 August 1866,1865
Townsville,Townsville,Queensland,https://en.wikipedia.org/wiki/Townsville,19°15′23″S,146°49′6″E,-19.25638888888889,146.81833333333333,1865,1865
"Beenleigh, Queensland",Beenleigh,Queensland,"https://en.wikipedia.org/wiki/Beenleigh,_Queensland",27°42′58″S,153°12′7″E,-27.71611111111111,153.20194444444442,1866,1866
"Mount Victoria, New South Wales",Mount Victoria,New South Wales,"https://en.wikipedia.org/wiki/Mount_Victoria,_New_South_Wales",33°35′S,150°15′E,-33.583333333333336,150.25,1866,1866
"Cloncurry, Queensland",Cloncurry,Queensland,"https://en.wikipedia.org/wiki/Cloncurry,_Queensland",20°42′0″S,140°30′0″E,-20.7,140.5,,1867
"Nambucca Heads, New South Wales",Nambucca Heads,New South Wales,"https://en.wikipedia.org/wiki/Nambucca_Heads,_New_South_Wales",30°39′0″S,153°00′0″E,-30.65,153.0,,1867
"Normanton, Queensland",Normanton,Queensland,"https://en.wikipedia.org/wiki/Normanton,_Queensland",17°40′0″S,141°04′0″E,-17.666666666666668,141.06666666666666,1867,1867
"Roma, Queensland",Roma,Queensland,"https://en.wikipedia.org/wiki/Roma,_Queensland",26°34′24″S,148°47′13″E,-26.573333333333334,148.78694444444443,1867,1867
"Gympie, Queensland",Gympie,Queensland,"https://en.wikipedia.org/wiki/Gympie,_Queensland",26°11′24″S,152°39′56″E,-26.19,152.66555555555556,1867,1868
Cunnamulla,Cunnamulla,Queensland,https://en.wikipedia.org/wiki/Cunnamulla,28°04′13″S,145°40′57″E,-28.07027777777778,145.6825,1868,1868
Yeppoon,Yeppoon,Queensland,https://en.wikipedia.org/wiki/Yeppoon,23°08′0″S,150°44′0″E,-23.133333333333333,150.73333333333332,,1868
"Bourke, New South Wales",Bourke,New South Wales,"https://en.wikipedia.org/wiki/Bourke,_New_South_Wales",30°6′0″S,145°56′0″E,-30.1,145.93333333333334,,1869
"Darwin, Northern Territory",Darwin,Northern Territory,"https://en.wikipedia.org/wiki/Darwin,_Northern_Territory",12°26′17″S,130°50′28″E,-12.438055555555556,130.84111111111113,1869,1869
"Walla Walla, New South Wales",Walla Walla,New South Wales,"https://en.wikipedia.org/wiki/Walla_Walla,_New_South_Wales",35°45′0″S,146°54′0″E,-35.75,146.9,1869,1869
"Beaudesert, Queensland",Beaudesert,Queensland,"https://en.wikipedia.org/wiki/Beaudesert,_Queensland",27°59′0″S,152°59′0″E,-27.983333333333334,152.98333333333332,1870s,1870
Coffs Harbour,Coffs Harbour,New South Wales,https://en.wikipedia.org/wiki/Coffs_Harbour,30°18′08″S,153°07′08″E,-30.302222222222223,153.1188888888889,1870s,1870
"Eucla, Western Australia",Eucla,Western Australia,"https://en.wikipedia.org/wiki/Eucla,_Western_Australia",31°40′30″S,128°52′59″E,-31.675,128.88305555555556,1870s (gazetted in 1885),1870
"Lithgow, New South Wales",Lithgow,New South Wales,"https://en.wikipedia.org/wiki/Lithgow,_New_South_Wales",33°29′S,150°09′E,-33.483333333333334,150.15,1870s,1870
"Mackay, Queensland",Mackay,Queensland,"https://en.wikipedia.org/wiki/Mackay,_Queensland",21°08′28″S,149°11′10″E,-21.141111111111112,149.1861111111111,,1870
"Morwell, Victoria",Morwell,Victoria,"https://en.wikipedia.org/wiki/Morwell,_Victoria",38°14′S,146°24′E,-38.233333333333334,146.4,1870s,1870
"Bellingen, New South Wales",Bellingen,New South Wales,"https://en.wikipedia.org/wiki/Bellingen,_New_South_Wales",30°26′S,152°54′E,-30.433333333333334,152.9,,1870
Bundaberg,Bundaberg,Queensland,https://en.wikipedia.org/wiki/Bundaberg,24°51′0″S,152°21′0″E,-24.85,152.35,1870,1870
Cobar,Cobar,New South Wales,https://en.wikipedia.org/wiki/Cobar,31°29′0″S,145°48′0″E,-31.483333333333334,145.8,1870,1870
"Hughenden, Queensland",Hughenden,Queensland,"https://en.wikipedia.org/wiki/Hughenden,_Queensland",20°50′38″S,144°11′55″E,-20.843888888888888,144.19861111111112,1870,1870
"Medlow Bath, New South Wales",Medlow Bath,New South Wales,"https://en.wikipedia.org/wiki/Medlow_Bath,_New_South_Wales",33°40′S,150°17′E,-33.666666666666664,150.28333333333333, 1870,1870
Nagambie,Nagambie,Victoria,https://en.wikipedia.org/wiki/Nagambie,36°46′13″S,145°09′18″E,-36.77027777777778,145.155,1870,1870
"Nambour, Queensland",Nambour,Queensland,"https://en.wikipedia.org/wiki/Nambour,_Queensland",26°37′37″S,152°57′33″E,-26.626944444444444,152.95916666666665,1870,1870
"Oakey, Queensland",Oakey,Queensland,"https://en.wikipedia.org/wiki/Oakey,_Queensland",27°26′02″S,151°43′16″E,-27.433888888888887,151.7211111111111,,1870
"Yandina, Queensland",Yandina,Queensland,"https://en.wikipedia.org/wiki/Yandina,_Queensland",26°33′S,152°57′E,-26.55,152.95,1870,1870
Charters Towers,Charters Towers,Queensland,https://en.wikipedia.org/wiki/Charters_Towers,20°06′0″S,146°16′0″E,-20.1,146.26666666666668,,1871
"Cossack, Western Australia",Cossack,Western Australia,"https://en.wikipedia.org/wiki/Cossack,_Western_Australia",20°41′S,117°11′E,-20.683333333333334,117.18333333333334,1871 (renamed),1871
"Forsayth, Queensland",Forsayth,Queensland,"https://en.wikipedia.org/wiki/Forsayth,_Queensland",18°35′13″S,143°36′14″E,-18.586944444444445,143.6038888888889,1871,1871
"Landsborough, Queensland",Landsborough,Queensland,"https://en.wikipedia.org/wiki/Landsborough,_Queensland",26°48′33″S,152°57′56″E,-26.809166666666666,152.96555555555554,1871,1871
"Tewantin, Queensland",Tewantin,Queensland,"https://en.wikipedia.org/wiki/Tewantin,_Queensland",26°23′30″S,153°02′19″E,-26.391666666666666,153.03861111111112,1871,1871
"Adelaide River, Northern Territory",Adelaide River,Northern Territory,"https://en.wikipedia.org/wiki/Adelaide_River,_Northern_Territory",13°14′16″S,131°06′17″E,-13.237777777777778,131.10472222222222,11 January 1962 (town),1872
"Esk, Queensland",Esk,Queensland,"https://en.wikipedia.org/wiki/Esk,_Queensland",27°14′22″S,152°25′11″E,-27.239444444444445,152.41972222222222,1872,1872
"Forster, New South Wales",Forster,New South Wales,"https://en.wikipedia.org/wiki/Forster,_New_South_Wales",32°10′50″S,152°30′42″E,-32.18055555555555,152.51166666666666,,1872
"Stanthorpe, Queensland",Stanthorpe,Queensland,"https://en.wikipedia.org/wiki/Stanthorpe,_Queensland",28°39′17″S,151°56′06″E,-28.654722222222222,151.935,,1872
Alice Springs,Alice Springs,Northern Territory,https://en.wikipedia.org/wiki/Alice_Springs,23°42′0″S,133°52′12″E,-23.7,133.87,1872,1872
"Cooktown, Queensland",Cooktown,Queensland,"https://en.wikipedia.org/wiki/Cooktown,_Queensland",15°28′8.5″S,145°15′5.5″E,-15.469027777777779,145.25152777777777,1873,1873
"Southport, Queensland",Southport,Queensland,"https://en.wikipedia.org/wiki/Southport,_Queensland",27°58′S,153°24′E,-27.966666666666665,153.4,1874,1874
"Cairns, Queensland",Cairns,Queensland,"https://en.wikipedia.org/wiki/Cairns,_Queensland",16°55′49″S,145°46′13″E,-16.93027777777778,145.77027777777778,1876,1876
"Crows Nest, Queensland",Crows Nest,Queensland,"https://en.wikipedia.org/wiki/Crows_Nest,_Queensland",27°15′57″S,152°03′29″E,-27.265833333333333,152.05805555555557,1876,1876
"Pittsworth, Queensland",Pittsworth,Queensland,"https://en.wikipedia.org/wiki/Pittsworth,_Queensland",27°43′S,151°38′E,-27.716666666666665,151.63333333333333,1876,1876
"Winton, Queensland",Winton,Queensland,"https://en.wikipedia.org/wiki/Winton,_Queensland",22°23′29″S,143°02′17″E,-22.391388888888887,143.03805555555556,,1876
"Chinchilla, Queensland",Chinchilla,Queensland,"https://en.wikipedia.org/wiki/Chinchilla,_Queensland",26°44′23″S,150°37′30″E,-26.739722222222223,150.625,1877,1877
Mareeba,Mareeba,Queensland,https://en.wikipedia.org/wiki/Mareeba,16°59′0″S,145°25′0″E,-16.983333333333334,145.41666666666666,1877,1877
Warragul,Warragul,Victoria,https://en.wikipedia.org/wiki/Warragul,38°9′0″S,145°56′0″E,-38.15,145.93333333333334,,1877
"Farina, South Australia",Farina,South Australia,"https://en.wikipedia.org/wiki/Farina,_South_Australia",30°04′30″S,138°16′34″E,-30.075,138.27611111111113,21 March 1878 (town),1878
"Killarney, Queensland",Killarney,Queensland,"https://en.wikipedia.org/wiki/Killarney,_Queensland",28°20′02″S,152°17′46″E,-28.333888888888886,152.29611111111112,1878,1878
"Miles, Queensland",Miles,Queensland,"https://en.wikipedia.org/wiki/Miles,_Queensland",26°39′26″S,150°11′23″E,-26.65722222222222,150.18972222222223,1878,1878
"Boulia, Queensland",Boulia,Queensland,"https://en.wikipedia.org/wiki/Boulia,_Queensland",22°54′35″S,139°54′24″E,-22.90972222222222,139.90666666666667,1879,1879
"Emerald, Queensland",Emerald,Queensland,"https://en.wikipedia.org/wiki/Emerald,_Queensland",23°31′0″S,148°09′0″E,-23.516666666666666,148.15,1879,1879
"Innisfail, Queensland",Innisfail,Queensland,"https://en.wikipedia.org/wiki/Innisfail,_Queensland",17°31′25″S,146°01′45″E,-17.52361111111111,146.02916666666667,1882/83 ,1879
"Katoomba, New South Wales",Katoomba,New South Wales,"https://en.wikipedia.org/wiki/Katoomba,_New_South_Wales",33°43′S,150°19′E,-33.71666666666667,150.31666666666666,1879,1879
"Moe, Victoria",Moe,Victoria,"https://en.wikipedia.org/wiki/Moe,_Victoria",38°10′20″S,146°16′04″E,-38.17222222222222,146.26777777777778,,1879
"Canungra, Queensland",Canungra,Queensland,"https://en.wikipedia.org/wiki/Canungra,_Queensland",28°01′10″S,153°09′55″E,-28.019444444444442,153.1652777777778,,1880
"Gordonvale, Queensland",Gordonvale,Queensland,"https://en.wikipedia.org/wiki/Gordonvale,_Queensland",17°05′37″S,145°47′12″E,-17.09361111111111,145.78666666666666,,1880
"Milparinka, New South Wales",Milparinka,New South Wales,"https://en.wikipedia.org/wiki/Milparinka,_New_South_Wales",29°43′55″S,141°52′05″E,-29.731944444444444,141.86805555555557,1880,1880
"Ayr, Queensland",Ayr,Queensland,"https://en.wikipedia.org/wiki/Ayr,_Queensland",19°34′28″S,147°24′24″E,-19.574444444444445,147.40666666666667,1882,1882
"Boonah, Queensland",Boonah,Queensland,"https://en.wikipedia.org/wiki/Boonah,_Queensland",28°00′S,152°41′E,-28.0,152.68333333333334,1882,1882
"Hall, Australian Capital Territory",Hall,Australian Capital Territory,"https://en.wikipedia.org/wiki/Hall,_Australian_Capital_Territory",35°10′09″S,149°04′09″E,-35.16916666666666,149.06916666666666,1882,1882
"Mount Morgan, Queensland",Mount Morgan,Queensland,"https://en.wikipedia.org/wiki/Mount_Morgan,_Queensland",23°39′S,150°23′E,-23.65,150.38333333333333,1882,1882
"Broken Hill, New South Wales",Broken Hill,New South Wales,"https://en.wikipedia.org/wiki/Broken_Hill,_New_South_Wales",31°57′24″S,141°28′04″E,-31.956666666666667,141.46777777777777,1883,1883
"Broome, Western Australia",Broome,Western Australia,"https://en.wikipedia.org/wiki/Broome,_Western_Australia",17°57′43″S,122°14′10″E,-17.961944444444445,122.23611111111111,1880s,1883
Caloundra,Caloundra,Queensland,https://en.wikipedia.org/wiki/Caloundra,26°48′S,153°08′E,-26.8,153.13333333333333,,1883
Captains Flat,Captains Flat,New South Wales,https://en.wikipedia.org/wiki/Captains_Flat,35°35′19″S,149°26′51″E,-35.58861111111111,149.4475,1883,1883
"Carnarvon, Western Australia",Carnarvon,Western Australia,"https://en.wikipedia.org/wiki/Carnarvon,_Western_Australia",24°52′02″S,113°39′40″E,-24.86722222222222,113.66111111111111,1883,1883
Coolangatta,Coolangatta,Queensland,https://en.wikipedia.org/wiki/Coolangatta,28°10′S,153°32′E,-28.166666666666668,153.53333333333333,1883,1883
"Derby, Western Australia",Derby,Western Australia,"https://en.wikipedia.org/wiki/Derby,_Western_Australia",17°18′20″S,123°38′02″E,-17.305555555555557,123.63388888888889,1883,1883
"Edmonton, Queensland",Edmonton,Queensland,"https://en.wikipedia.org/wiki/Edmonton,_Queensland",17°01′08″S,145°44′40″E,-17.01888888888889,145.74444444444444,,1883
Narromine,Narromine,New South Wales,https://en.wikipedia.org/wiki/Narromine,32°14′S,148°14′E,-32.233333333333334,148.23333333333332,1883,1883
"Alpha, Queensland",Alpha,Queensland,"https://en.wikipedia.org/wiki/Alpha,_Queensland",23°39′07″S,146°38′18″E,-23.651944444444442,146.63833333333332,,1884
Camooweal,Camooweal,Queensland,https://en.wikipedia.org/wiki/Camooweal,19°55′S,138°07′E,-19.916666666666668,138.11666666666667,1884,1884
Wyalong,Wyalong,New South Wales,https://en.wikipedia.org/wiki/Wyalong,33°56′S,147°15′E,-33.93333333333333,147.25,,1884
"Barcaldine, Queensland",Barcaldine,Queensland,"https://en.wikipedia.org/wiki/Barcaldine,_Queensland",23°33′20″S,145°17′20″E,-23.555555555555557,145.2888888888889,1885,1885
Batemans Bay,Batemans Bay,New South Wales,https://en.wikipedia.org/wiki/Batemans_Bay,35°42′29″S,150°10′28″E,-35.70805555555556,150.17444444444445,1885 ,1885
"Childers, Queensland",Childers,Queensland,"https://en.wikipedia.org/wiki/Childers,_Queensland",25°14′11″S,152°16′39″E,-25.23638888888889,152.2775,1885,1885
"Cooroy, Queensland",Cooroy,Queensland,"https://en.wikipedia.org/wiki/Cooroy,_Queensland",26°25′00″S,152°54′43″E,-26.416666666666668,152.91194444444446,1885,1885
"Guyra, New South Wales",Guyura,New South Wales,"https://en.wikipedia.org/wiki/Guyra,_New_South_Wales",30°12′S,151°40′E,-30.2,151.66666666666666,1885,1885
"Onslow, Western Australia",Old Onslow,Western Australia,"https://en.wikipedia.org/wiki/Onslow,_Western_Australia",21°38′S,115°07′E,-21.633333333333333,115.11666666666666,1885 (1925 moved),1885
"Wallangarra, Queensland",Wallangarra,Queensland,"https://en.wikipedia.org/wiki/Wallangarra,_Queensland",28°54′0″S,151°56′0″E,-28.9,151.93333333333334,1885,1885
"Wyndham, Western Australia",Wyndham,Western Australia,"https://en.wikipedia.org/wiki/Wyndham,_Western_Australia",15°28′57″S,128°7′22″E,-15.4825,128.1227777777778,1886,1886
Birdsville,Birdsville,Queensland,https://en.wikipedia.org/wiki/Birdsville,25°53′56″S,139°21′06″E,-25.898888888888887,139.35166666666666,1887,1887
"Blackbutt, Queensland",Blackbutt,Queensland,"https://en.wikipedia.org/wiki/Blackbutt,_Queensland",26°53′08″S,152°06′11″E,-26.885555555555555,152.10305555555556,1887,1887
"Eidsvold, Queensland",Eidsvold,Queensland,"https://en.wikipedia.org/wiki/Eidsvold,_Queensland",25°22′19″S,151°07′23″E,-25.371944444444445,151.12305555555557,,1887
Mildura,Mildura,Victoria,https://en.wikipedia.org/wiki/Mildura,34°11′20″S,142°09′30″E,-34.18888888888888,142.15833333333333,1887,1887
Mittagong,Mittagong,New South Wales,https://en.wikipedia.org/wiki/Mittagong,34°27′S,150°27′E,-34.45,150.45,,1887
Goondiwindi,Goondiwindi,Queensland,https://en.wikipedia.org/wiki/Goondiwindi,28°33′0″S,150°19′0″E,-28.55,150.31666666666666,20 October 1888,1888
"Kilcoy, Queensland",Kilcoy,Queensland,"https://en.wikipedia.org/wiki/Kilcoy,_Queensland",26°56′35″S,152°33′50″E,-26.943055555555556,152.5638888888889,,1888
"Kuranda, Queensland",Kuranda,Queensland,"https://en.wikipedia.org/wiki/Kuranda,_Queensland",16°49′11″S,145°38′13″E,-16.81972222222222,145.63694444444442,1888,1888
"Longreach, Queensland",Longreach,Queensland,"https://en.wikipedia.org/wiki/Longreach,_Queensland",23°26′32″S,144°14′57″E,-23.442222222222224,144.24916666666667,1888,1888
"North Star, New South Wales",North Star,New South Wales,"https://en.wikipedia.org/wiki/North_Star,_New_South_Wales",28°55′57″S,150°23′29″E,-28.9325,150.39138888888888,1888,1888
Uranquinty,Uranquinty,New South Wales,https://en.wikipedia.org/wiki/Uranquinty,35°11′32″S,147°14′45″E,-35.19222222222222,147.2458333333333,,1888
Kingaroy,Kingaroy,Queensland,https://en.wikipedia.org/wiki/Kingaroy,26°32′0″S,151°50′0″E,-26.533333333333335,151.83333333333334,,1890
"Margaret River, Western Australia",Margaret River,Western Australia,"https://en.wikipedia.org/wiki/Margaret_River,_Western_Australia",33°57′18″S,115°04′30″E,-33.955000000000005,115.075,1890s,1890
"Mount Hope, New South Wales",Mount Hope,New South Wales,"https://en.wikipedia.org/wiki/Mount_Hope,_New_South_Wales",32°50′25″S,145°52′36.1″E,-32.84027777777778,145.87669444444444,,1890
"Eumundi, Queensland",Eumundi,Queensland,"https://en.wikipedia.org/wiki/Eumundi,_Queensland",26°29′S,152°57′E,-26.483333333333334,152.95,1890,1890
"Innamincka, South Australia",Innamincka,South Australia,"https://en.wikipedia.org/wiki/Innamincka,_South_Australia",27°44′48″S,140°44′17″E,-27.746666666666666,140.73805555555555,17 April 1890 (town),1890
Oodnadatta,Oodnadatta,South Australia,https://en.wikipedia.org/wiki/Oodnadatta,27°32′53″S,135°26′44″E,-27.548055555555557,135.44555555555556,30 October 1890 (town),1890
Tarcutta,Tarcutta,New South Wales,https://en.wikipedia.org/wiki/Tarcutta,35°17′0″S,147°43′0″E,-35.28333333333333,147.71666666666667,,1890
"Maleny, Queensland",Maleny,Queensland,"https://en.wikipedia.org/wiki/Maleny,_Queensland",26°45′29″S,152°51′05″E,-26.758055555555554,152.8513888888889,,1891
"Bomaderry, New South Wales",Bomaderry,New South Wales,"https://en.wikipedia.org/wiki/Bomaderry,_New_South_Wales",34°50′53″S,150°36′18″E,-34.84805555555556,150.605,1892,1892
"Coolgardie, Western Australia",Coolgardie,Western Australia,"https://en.wikipedia.org/wiki/Coolgardie,_Western_Australia",30°57′11″S,121°09′50″E,-30.953055555555554,121.16388888888889,1892,1892
Kalgoorlie,Kalgoorlie,Western Australia,https://en.wikipedia.org/wiki/Kalgoorlie,30°44′56″S,121°27′57″E,-30.74888888888889,121.46583333333334,1893,1893
"Tuncurry, New South Wales",Tuncurry,New South Wales,"https://en.wikipedia.org/wiki/Tuncurry,_New_South_Wales",32°10′30″S,152°29′56″E,-32.175,152.49888888888887,,1893
"Norseman, Western Australia",Norseman,Western Australia,"https://en.wikipedia.org/wiki/Norseman,_Western_Australia",32°11′46″S,121°46′41″E,-32.19611111111111,121.77805555555555,,1895
"Waroona, Western Australia",Waroona,Western Australia,"https://en.wikipedia.org/wiki/Waroona,_Western_Australia",32°52′00″S,115°55′00″E,-32.86666666666667,115.91666666666667,1895,1895
"Esperance, Western Australia",Esperance,Western Australia,"https://en.wikipedia.org/wiki/Esperance,_Western_Australia",33°51′40″S,121°53′31″E,-33.861111111111114,121.89194444444445,1893,1896
"Port Hedland, Western Australia",Port Hedland,Western Australia,"https://en.wikipedia.org/wiki/Port_Hedland,_Western_Australia",20°18′36″S,118°36′04″E,-20.310000000000002,118.60111111111111,1880s,1896
"Gwalia, Western Australia",Gwalia,Western Australia,"https://en.wikipedia.org/wiki/Gwalia,_Western_Australia",28°54′48″S,121°19′47″E,-28.91333333333333,121.32972222222222,1897,1897
"Waverley, Western Australia",Waverley,Western Australia,"https://en.wikipedia.org/wiki/Waverley,_Western_Australia",30°14′35″S,120°57′14″E,-30.243055555555557,120.9538888888889,1898,1898
"Fitzroy Crossing, Western Australia",Fitzroy Crossing,Western Australia,"https://en.wikipedia.org/wiki/Fitzroy_Crossing,_Western_Australia",18°11′40″S,125°34′00″E,-18.194444444444446,125.56666666666666,1900s,1900
"Tarcoola, South Australia",Tarcoola,South Australia,"https://en.wikipedia.org/wiki/Tarcoola,_South_Australia",30°41′41″S,134°33′22″E,-30.69472222222222,134.55611111111114,21 February 1901 (town),1901
Kyogle,Kyogle,New South Wales,https://en.wikipedia.org/wiki/Kyogle,28°37′S,153°0′E,-28.616666666666667,153.0,1830s,1904
"Renmark, South Australia",Renmark,South Australia,"https://en.wikipedia.org/wiki/Renmark,_South_Australia",34°10′27″S,140°44′30″E,-34.174166666666665,140.74166666666665,1904 (town),1904
Maroochydore,Maroochydore,Queensland,https://en.wikipedia.org/wiki/Maroochydore,26°39′S,153°06′E,-26.65,153.1,,1908
"Dwellingup, Western Australia",Dwellingup,Western Australia,"https://en.wikipedia.org/wiki/Dwellingup,_Western_Australia",32°43′S,116°04′E,-32.71666666666667,116.06666666666666,1910,1910
"Koojan, Western Australia",Koojan,Western Australia,"https://en.wikipedia.org/wiki/Koojan,_Western_Australia",30°48′S,116°01′E,-30.8,116.01666666666667,1910,1910
"Berri, South Australia",Berri,South Australia,"https://en.wikipedia.org/wiki/Berri,_South_Australia",34°17′S,140°36′E,-34.28333333333333,140.6,1911,1911
Canberra,Canberra,Australian Capital Territory,https://en.wikipedia.org/wiki/Canberra,35°17′35″S,149°07′37″E,-35.293055555555554,149.12694444444446,12 March 1913,1913
"Leeton, New South Wales",Leeton,New South Wales,"https://en.wikipedia.org/wiki/Leeton,_New_South_Wales",34°34′0″S,146°24′0″E,-34.56666666666667,146.4,2 April 1913,1913
Coober Pedy,Coober Pedy,South Australia,https://en.wikipedia.org/wiki/Coober_Pedy,29°0′40″S,134°45′20″E,-29.011111111111113,134.75555555555556,1915,1915
"Griffith, New South Wales",Griffith,New South Wales,"https://en.wikipedia.org/wiki/Griffith,_New_South_Wales",34°17′24″S,146°2′24″E,-34.29,146.04,4 August 1916,1916
"Quilpie, Queensland",Quilpie,Queensland,"https://en.wikipedia.org/wiki/Quilpie,_Queensland",26°37′S,144°16′E,-26.616666666666667,144.26666666666668,1917,1917
"Yerrinbool, New South Wales",Yerrinbool,New South Wales,"https://en.wikipedia.org/wiki/Yerrinbool,_New_South_Wales",34°22′S,150°33′E,-34.36666666666667,150.55,1919,1919
Port Augusta,Port Augusta,South Australia,https://en.wikipedia.org/wiki/Port_Augusta,32°29′33″S,137°45′57″E,-32.4925,137.76583333333335,1852,1920
Whyalla,Whyalla,South Australia,https://en.wikipedia.org/wiki/Whyalla,33°02′0″S,137°34′0″E,-33.03333333333333,137.56666666666666,1920,1920
"Monash, South Australia",Monash,South Australia,"https://en.wikipedia.org/wiki/Monash,_South_Australia",34°14′S,140°33′E,-34.233333333333334,140.55,25 August 1921 (town),1921
"Tin Can Bay, Queensland",Tin Can Bay,Queensland,"https://en.wikipedia.org/wiki/Tin_Can_Bay,_Queensland",25°55′0″S,153°00′0″E,-25.916666666666668,153.0,,1922
Mount Isa,Mount Isa,Queensland,https://en.wikipedia.org/wiki/Mount_Isa,20°44′0″S,139°30′0″E,-20.733333333333334,139.5,1923,1923
"Onslow, Western Australia",Onslow,Western Australia,"https://en.wikipedia.org/wiki/Onslow,_Western_Australia",21°38′S,115°07′E,-21.633333333333333,115.11666666666666,1885 (1925 moved),1924
Biloela,Biloela,Queensland,https://en.wikipedia.org/wiki/Biloela,24°24′01″S,150°30′48″E,-24.400277777777777,150.51333333333332,1924,1924
"Monto, Queensland",Monto,Queensland,"https://en.wikipedia.org/wiki/Monto,_Queensland",24°51′51″S,151°07′24″E,-24.86416666666667,151.12333333333333,1924,1924
"Murray Bridge, South Australia",Murray Bridge,South Australia,"https://en.wikipedia.org/wiki/Murray_Bridge,_South_Australia",35°07′01″S,139°16′01″E,-35.11694444444444,139.26694444444445,1924,1924
"Katherine, Northern Territory",Katherine,Northern Territory,"https://en.wikipedia.org/wiki/Katherine,_Northern_Territory",14°28′0″S,132°16′0″E,-14.466666666666667,132.26666666666668,1926,1926
Tarraleah,Tarraleah,Tasmania,https://en.wikipedia.org/wiki/Tarraleah,42°18′S,146°26′E,-42.3,146.43333333333334,1934,1934
"Seventeen Seventy, Queensland",Seventeen Seventy,Queensland,"https://en.wikipedia.org/wiki/Seventeen_Seventy,_Queensland",24°10′7″S,151°52′55″E,-24.16861111111111,151.88194444444446,,1936
"Loveday, South Australia",Loveday,South Australia,"https://en.wikipedia.org/wiki/Loveday,_South_Australia",34°17′S,140°26′E,-34.28333333333333,140.43333333333334,1 February 1940 (town),1940
"Wittenoom, Western Australia",Wittenoom,Western Australia,"https://en.wikipedia.org/wiki/Wittenoom,_Western_Australia",22°14′23″S,118°20′05″E,-22.239722222222223,118.33472222222221,1950,1946
"Bronte Park, Tasmania",Bronte Park,Tasmania,"https://en.wikipedia.org/wiki/Bronte_Park,_Tasmania",42°08′S,146°30′E,-42.13333333333333,146.5,1947,1947
"Woomera, South Australia",Woomera,South Australia,"https://en.wikipedia.org/wiki/Woomera,_South_Australia",31°12′0″S,136°49′0″E,-31.2,136.81666666666666,1947,1947
"Bindoon, Western Australia",Bindoon,Western Australia,"https://en.wikipedia.org/wiki/Bindoon,_Western_Australia",31°22′48″S,116°05′49″E,-31.38,116.09694444444445,1953,1953
"Jurien Bay, Western Australia",Jurien Bay,Western Australia,"https://en.wikipedia.org/wiki/Jurien_Bay,_Western_Australia",30°17′49″S,115°02′31″E,-30.296944444444446,115.04194444444444,1950s,1956
"Tom Price, Western Australia",Tom Price,Western Australia,"https://en.wikipedia.org/wiki/Tom_Price,_Western_Australia",22°41′38″S,117°47′42″E,-22.69388888888889,117.795,1960s,1960
"Kununurra, Western Australia",Kununurra,Western Australia,"https://en.wikipedia.org/wiki/Kununurra,_Western_Australia",15°46′25″S,128°44′19″E,-15.773611111111112,128.7386111111111,1961,1961
"Weipa, Queensland",Weipa,Queensland,"https://en.wikipedia.org/wiki/Weipa,_Queensland",12°37′S,141°52′E,-12.616666666666667,141.86666666666667,1961,1961
"Dampier, Western Australia",Dampier,Western Australia,"https://en.wikipedia.org/wiki/Dampier,_Western_Australia",20°40′S,116°43′E,-20.666666666666668,116.71666666666667,1965,1965
"Goldsworthy, Western Australia",Goldsworthy,Western Australia,"https://en.wikipedia.org/wiki/Goldsworthy,_Western_Australia",20°20′31″S,119°31′16″E,-20.341944444444444,119.52111111111111,1965,1965
"Newman, Western Australia",Newman,Western Australia,"https://en.wikipedia.org/wiki/Newman,_Western_Australia",23°21′14″S,119°43′55″E,-23.35388888888889,119.73194444444445,1966,1966
"Exmouth, Western Australia",Exmouth,Western Australia,"https://en.wikipedia.org/wiki/Exmouth,_Western_Australia",21°55′59″S,114°7′41″E,-21.93305555555556,114.12805555555555,1964,1967
"Karratha, Western Australia",Karratha,Western Australia,"https://en.wikipedia.org/wiki/Karratha,_Western_Australia",20°44′11″S,116°50′47″E,-20.73638888888889,116.84638888888888,1968,1968
Moranbah,Moranbah,Queensland,https://en.wikipedia.org/wiki/Moranbah,22°00′06″S,148°03′12″E,-22.001666666666665,148.05333333333334,1969,1969
"Ravenswood, Western Australia",Ravenswood,Western Australia,"https://en.wikipedia.org/wiki/Ravenswood,_Western_Australia",32°35′00″S,115°50′00″E,-32.583333333333336,115.83333333333333,1970,1970
"Shay Gap, Western Australia",Shay Gap,Western Australia,"https://en.wikipedia.org/wiki/Shay_Gap,_Western_Australia",20°29′44″S,120°09′59″E,-20.495555555555555,120.16638888888889,1972,1972
Joondalup,Joondalup,Western Australia,https://en.wikipedia.org/wiki/Joondalup,31°44′42″S,115°45′58″E,-31.745,115.76611111111112,1980s,1980
"Palmerston, Northern Territory",Palmerston,Northern Territory,"https://en.wikipedia.org/wiki/Palmerston,_Northern_Territory",12°28′50″S,130°58′59″E,-12.480555555555556,130.98305555555555,1981,1981
"Jabiru, Northern Territory",Jabiru,Northern Territory,"https://en.wikipedia.org/wiki/Jabiru,_Northern_Territory",12°40′S,132°50′E,-12.666666666666666,132.83333333333334,,1982
"Roxby Downs, South Australia",Roxby Downs,South Australia,"https://en.wikipedia.org/wiki/Roxby_Downs,_South_Australia",30°33′45″S,136°52′42″E,-30.5625,136.87833333333333,20 November 1986 (town),1987
