Name,Features,Alternative Name,Wikipedia,Commenced,Opened,Closed,Line Length (km)
MAIN SUBURBAN RAILWAY,98,,https://en.wikipedia.org/wiki/Main_Suburban_railway_line,1850,1855,,10
GAWLER,20,,https://en.wikipedia.org/wiki/Gawler_line,,1857,1911,42
GAWLER - PENRICE,3,,https://en.wikipedia.org/wiki/Gawler_line,,1857,,42
WERRIBEE LINE,56,,https://en.wikipedia.org/wiki/Werribee_line,1857,1859,,33
SYDENHAM LINE,39,Sunbury line,https://en.wikipedia.org/wiki/Sunbury_line,,1859,,40
WILLIAMSTOWN LINE,10,,https://en.wikipedia.org/wiki/Williamstown_line,,1859,,16
GAWLER - ADELAIDE,31,,https://en.wikipedia.org/wiki/Gawler_line,1857,1860,,42
GAWLER LINE,30,,https://en.wikipedia.org/wiki/Gawler_line,1857,1860,,42
GAWLER - KAPUNDA,15,,https://en.wikipedia.org/wiki/Morgan_railway_line,,1860,2003,129
BENDIGO LINE,232,,https://en.wikipedia.org/wiki/Bendigo_line,,1862,,172
GEELONG-BALLARAT,2,,https://en.wikipedia.org/wiki/Geelong%E2%80%93Ballarat_railway_line,1858,1862,,
MAIN LINE,74,Roma Street to Rosewood,"https://en.wikipedia.org/wiki/Main_Line_railway,_Queensland",1865,1867,,161
PICTON MITTAGONG LOOP LINE,20,,https://en.wikipedia.org/wiki/Picton%E2%80%93Mittagong_loop_railway_line,,1867,,
PELICAN POINT LINE,23,,https://en.wikipedia.org/wiki/Dry_Creek-Port_Adelaide_railway_line,,1868,,8
STEAMRANGER,36,,https://en.wikipedia.org/wiki/Victor_Harbor_railway_line,1854,1869,1984,
CABRAMATTA GRANVILLE RAILWAY,26,,https://en.wikipedia.org/wiki/Leppington_%26_Inner_West_Line,1860,1870,,
WESTERN LINE,617,Launceston and Western Line,"https://en.wikipedia.org/wiki/Western_Line,_Tasmania",,1871,,223
CASTLEMAINE-MARYBOROUGH LINE,84,Moolort Line,https://en.wikipedia.org/wiki/Moolort_railway_line,1874,1874,2011,55
PIONEER MILL,146,,https://en.wikipedia.org/wiki/Rail_transport_in_Queensland#History,,1875,,
PORT PIRIE LINE,11,,https://en.wikipedia.org/wiki/Port_Pirie,,1875,,
SOUTH LINE,364,Main Line,"https://en.wikipedia.org/wiki/South_Line,_Tasmania",,1876,,199
IPSWICH/ROSEWOOD LINE,138,Roma Street to Ipswich,https://en.wikipedia.org/wiki/Ipswich_and_Rosewood_railway_line,,1876,,57
EAGLEHAWK-INGLEWOOD LINE,44,,https://en.wikipedia.org/wiki/Eaglehawk%E2%80%93Inglewood_railway_line,,1876,2007,50
DENILIQUIN LINE,39,,https://en.wikipedia.org/wiki/Deniliquin_railway_line,1859,1876,,
MELBOURNE-MURRAY RIVER,18,,https://en.wikipedia.org/wiki/Deniliquin_railway_line,1859,1876,,
MOAMA DENILIQUIN RAILWAY,16,,https://en.wikipedia.org/wiki/Deniliquin_railway_line,1859,1876,,
ROSEWOOD LINE,15,,https://en.wikipedia.org/wiki/Ipswich_and_Rosewood_railway_line,,1876,,
MELBOURNE MURRAY RIVER RAILWAY,10,,https://en.wikipedia.org/wiki/Deniliquin_railway_line,1859,1876,,325
ROSEWOOD RAILWAY,10,,https://en.wikipedia.org/wiki/Ipswich_and_Rosewood_railway_line,,1876,,57
STAWELL ARARAT,4,,https://en.wikipedia.org/wiki/Ararat_railway_line,,1876,,
NARACOORTE - KINGSTON,1,,https://en.wikipedia.org/wiki/Kingston_SE_railway_line,,1876,1987,
PORTLAND LINE,161,,https://en.wikipedia.org/wiki/Portland_railway_line,,1877,,
HAMLEY BRIDGE - BURRA,11,,https://en.wikipedia.org/wiki/Roseworthy%E2%80%93Peterborough_railway_line,,1878,1990,199
BURRA - HALLETT,1,,https://en.wikipedia.org/wiki/Roseworthy%E2%80%93Peterborough_railway_line,,1878,1990,199
KAPUNDA - EUDUNDA,1,,https://en.wikipedia.org/wiki/Morgan_railway_line,,1878,1994,129
PAKENHAM LINE,123,,https://en.wikipedia.org/wiki/Pakenham_line,1877,1879,,63
BELLARINE RAIL TRAIL,35,,https://en.wikipedia.org/wiki/Bellarine_Railway,,1879,1976,
PICHI RICHI RAIL,34,,https://en.wikipedia.org/wiki/Pichi_Richi_Railway,,1879,1970,39
BELLARINE PENINSULA RAILWAY,25,,https://en.wikipedia.org/wiki/Bellarine_Railway,,1879,,16
SPRINGS-WAHGUNYAH RAILWAY,6,,https://en.wikipedia.org/wiki/Wahgunyah_railway_line,,1879,1995,
MOUNT GAMBIER - MILLICENT,2,,"https://en.wikipedia.org/wiki/Millicent,_South_Australia",,1879,1995,
GEELONG-QUEENSCLIFF,1,,https://en.wikipedia.org/wiki/Bellarine_Railway,,1879,1976,16
DAYLESFORD SPA COUNTRY RAILWAY,70,,https://en.wikipedia.org/wiki/Daylesford_Spa_Country_Railway,,1880,1978,
CARLSRUHE-DAYLESFORD,20,,https://en.wikipedia.org/wiki/Daylesford_Spa_Country_Railway,,1880,1978,
CARLSRUHE & DAYLESFORD RAILWAY,16,,https://en.wikipedia.org/wiki/Daylesford_Spa_Country_Railway,,1880,1978,
ROSEWORTHY - BALAKLAVA,12,,https://en.wikipedia.org/wiki/Hamley_Bridge%E2%80%93Gladstone_railway_line,,1880,2004,147
MAIN SOUTHERN RAILWAY,575,Great Southern Railway,"https://en.wikipedia.org/wiki/Main_Southern_railway_line,_New_South_Wales",1855,1881,,650
HALLETT - PETERBOROUGH,6,,https://en.wikipedia.org/wiki/Roseworthy%E2%80%93Peterborough_railway_line,1880,1881,2007,
MOUNT GAMBIER - VIC BORDER,3,,https://en.wikipedia.org/wiki/Mount_Gambier_railway_line,,1881,1995,
LILYDALE LINE,182,,https://en.wikipedia.org/wiki/Lilydale_line,1860,1882,,38
FRANKSTON LINE,113,,https://en.wikipedia.org/wiki/Frankston_line,1881,1882,,43
JUNEE HAY RAILWAY,76,,https://en.wikipedia.org/wiki/Hay_railway_line,,1882,,
YANCO GRIFFITH RAILWAY,35,,https://en.wikipedia.org/wiki/Yanco%E2%80%93Griffith_railway_line,,1882,,
FASSIFERN BRANCH RAILWAY,22,Ipswich to Dugandan,https://en.wikipedia.org/wiki/Dugandan_railway_line,,1882,1964,57
PETERBOROUGH - EURELIA (STEAMTOWN RAIL SOCIETY),1,,https://en.wikipedia.org/wiki/Peterborough%E2%80%93Quorn_railway_line,1881,1882,1988,
NORTH EASTERN RAILWAY,360,North East railway line,https://en.wikipedia.org/wiki/North_East_railway_line,1860,1883,,308
NORTH EASTERN,125,,https://en.wikipedia.org/wiki/North_East_railway_line,1860,1883,,308
BELAIR LINE,23,,https://en.wikipedia.org/wiki/Belair_line,,1883,,22
BELAIR - ADELAIDE,1,,https://en.wikipedia.org/wiki/Belair_line,,1883,,22
TENNYSON BRANCH,67,Yerongpilly to Corinda,https://en.wikipedia.org/wiki/Corinda%E2%80%93Yeerongpilly_railway_line,,1884,,4
MOUNT PERRY BRANCH RAILWAY,18,Bundaberg to Mount Perry,https://en.wikipedia.org/wiki/Mount_Perry_railway_line,1881,1884,1993,
STEAMRANGER DEPOT,10,,https://en.wikipedia.org/wiki/Victor_Harbor_railway_line,1854,1884,,
STRATHALBYN YARD,10,,https://en.wikipedia.org/wiki/Strathalbyn_railway_station,1854,1884,,
RAVENSWOOD BRANCH,3,,https://en.wikipedia.org/wiki/Great_Northern_Railway_(Mt_Isa_line)#Branch_lines,,1884,1930,39
MAIN WESTERN RAILWAY,420,Great Western Railway,"https://en.wikipedia.org/wiki/Main_Western_railway_line,_New_South_Wales",1854,1885,,825
GOLD COAST/BEENLEIGH LINE,142,Roma Street to Beenleigh,https://en.wikipedia.org/wiki/Beenleigh_railway_line,,1885,1964,40
FINGAL LINE,145,,,,1886,,
CROWS NEST BRANCH RAILWAY,15,,https://en.wikipedia.org/wiki/Crows_Nest_railway_line,1883,1886,1961,
SOUTH WESTERN SYSTEM,179,Warwick to Wallangarra,"https://en.wikipedia.org/wiki/Southern_railway_line,_Queensland",1871,1887,,197
BLAYNEY DEMONDRILLE RAILWAY,76,,https://en.wikipedia.org/wiki/Blayney%E2%80%93Demondrille_railway_line,1885,1887,,101
ADELAIDE - MELBOURNE,68,,https://en.wikipedia.org/wiki/Melbourne%E2%80%93Adelaide_rail_corridor,,1887,,828
SANDRINGHAM LINE,55,,https://en.wikipedia.org/wiki/Sandringham_line,1859,1887,,18
TOOLAMBA-ECHUCA LINE,23,,https://en.wikipedia.org/wiki/Toolamba%E2%80%93Echuca_railway_line,1880,1887,,
CRESWICK & DAYLESFORD RAILWAY,8,,https://en.wikipedia.org/wiki/Ballarat_to_Daylesford_railway_line,,1887,1986,
HORSHAM-NATIMUK,7,,https://en.wikipedia.org/wiki/Ararat_railway_line#Ararat_region,,1887,1979,
WOLSELY - MOUNT GAMBIER,6,,https://en.wikipedia.org/wiki/Mount_Gambier_railway_line,1881,1887,1995,
SPRINGSURE BRANCH,5,,https://en.wikipedia.org/wiki/Central_Western_railway_line,,1887,,
GIPPSLAND PLAINS RAIL TRAIL,3,,https://en.wikipedia.org/wiki/Maffra_railway_line,1883,1887,1994,
PETERBOROUGH BROKEN HILL RAILWAY,60,,https://en.wikipedia.org/wiki/Crystal_Brook%E2%80%93Broken_Hill_railway_line,,1888,,
CRYSTAL BROOK - BROKEN HILL,42,,https://en.wikipedia.org/wiki/Crystal_Brook%E2%80%93Broken_Hill_railway_line,,1888,,371
HAMILTON-COLERAINE RAIL TRAIL,27,,https://en.wikipedia.org/wiki/Coleraine_railway_line,,1888,1977,
BEAUDESERT BRANCH,5,,https://en.wikipedia.org/wiki/Beaudesert_railway_line,,1888,1996,43
NACKARA,1,,"https://en.wikipedia.org/wiki/Nackara,_South_Australia",,1888,1965,
MAIN NORTHERN RAILWAY,764,Great Northern Railway,"https://en.wikipedia.org/wiki/Main_North_railway_line,_New_South_Wales",1857,1889,,781
ARARAT LINE,226,Serviceton and Western lines,https://en.wikipedia.org/wiki/Ararat_railway_line,1874,1889,,
INNER CITY LINE,89,Roma Street Platform 7,,1875,1889,,
NORTH EAST LINE,89,,,,1889,,
BINNAWAY WERRIS CREEK RAILWAY,79,,https://en.wikipedia.org/wiki/Binnaway%E2%80%93Werris_Creek_railway_line,1857,1889,,136
STONY POINT LINE,66,,https://en.wikipedia.org/wiki/Stony_Point_line,1888,1889,,31
SOUTH MORANG LINE,63,Mernda line,https://en.wikipedia.org/wiki/Mernda_line,1888,1889,,33
UPFIELD LINE,61,,https://en.wikipedia.org/wiki/Upfield_line,1884,1889,,20
AVON YARD ALBANY RAILWAY,34,,https://en.wikipedia.org/wiki/Great_Southern_Railway_(Western_Australia),1886,1889,,
BACCHUS MARSH JUNCTION-NEWPORT,32,,https://en.wikipedia.org/wiki/Western_standard_gauge_railway_line,,1889,,
MORINGTON TOURIST RAILWAY,24,,https://en.wikipedia.org/wiki/Mornington_Tourist_Railway,,1889,,
DENNINGTON LINE,296,Warrnambool railway line,https://en.wikipedia.org/wiki/Warrnambool_railway_line,1857,1890,,298
CABOOLTURE/SUNSHINE COAST LINE,130,Roma Street to Caboolture,https://en.wikipedia.org/wiki/Sunshine_Coast_railway_line,,1890,,180
BALLARAT-SKIPTON RAIL TRAIL,37,,https://en.wikipedia.org/wiki/Skipton_railway_line,,1890,1986,55
EVERTON-MYRTLEFORD RAIL TRAIL,26,,https://en.wikipedia.org/wiki/Bright_railway_line,1883,1890,1987,
MARYBOROUGH-ARARAT LINE,26,,https://en.wikipedia.org/wiki/Avoca_railway_line,1874,1890,,88
MYRTLEFORD-BRIGHT RAIL TRAIL,24,,https://en.wikipedia.org/wiki/Bright_railway_line,1883,1890,1987,
DOOKIE-KATAMATITE RAILWAY,12,,https://en.wikipedia.org/wiki/Katamatite_railway_line,,1890,1987,27
EVERTON-BEECHWORTH RAIL TRAIL,11,,https://en.wikipedia.org/wiki/Bright_railway_line,1883,1890,1987,
MURRAY TO THE MOUNTAINS RAIL TRAIL,5,,https://en.wikipedia.org/wiki/Bright_railway_line,1883,1890,1987,
TALLAROOK-MANSFIELD RAIL TRAIL,126,,https://en.wikipedia.org/wiki/Mansfield_railway_line,1883,1891,1978,121
DANDENONG-LEONGATHA,105,,https://en.wikipedia.org/wiki/South_Gippsland_railway_line,1888,1891,1999,
BONNIE DOON-MANSFIELD RAIL TRAIL,25,,https://en.wikipedia.org/wiki/Mansfield_railway_line,1883,1891,1978,121
GREAT VICTORIAN RAIL TRAIL,25,,https://en.wikipedia.org/wiki/Mansfield_railway_line,1883,1891,1978,121
MERTON-BONNIE DOON RAIL TRAIL,23,,https://en.wikipedia.org/wiki/Mansfield_railway_line,1883,1891,1978,
BOYANUP BUSSELTON RAILWAY,7,,https://en.wikipedia.org/wiki/Flinders_Bay_railway_line,,1891,1957,
GREAT SOUTHERN RAIL TRAIL,147,,https://en.wikipedia.org/wiki/Great_Southern_Rail_Trail,,1892,1992,131
SOUTH GIPPSLAND RAILWAY,110,,https://en.wikipedia.org/wiki/South_Gippsland_railway_line,1888,1892,,188
CAMPERDOWN-TIMBOON RAIL TRAIL,47,,https://en.wikipedia.org/wiki/Timboon_railway_line,1889,1892,1987,36
LEONGATHA LINE,31,,https://en.wikipedia.org/wiki/South_Gippsland_railway_line,1888,1892,1993,188
NYNGAN COBAR RAILWAY,28,,https://en.wikipedia.org/wiki/Cobar_railway_line,,1892,,
CULCAIRN COROWA RAILWAY,18,,https://en.wikipedia.org/wiki/Corowa_railway_line,1890,1892,1991,47
ILLAWARRA RAILWAY,345,South Coast Railway,"https://en.wikipedia.org/wiki/South_Coast_railway_line,_New_South_Wales",1884,1893,,153
NORTH SHORE RAILWAY,73,,https://en.wikipedia.org/wiki/North_Shore_railway_line,1889,1893,,25
CLAISEBROOK BUNBURY TERMINAL RAILWAY,27,,https://en.wikipedia.org/wiki/Armadale_line,1892,1893,,
EASTERN RAILWAY,9,,https://en.wikipedia.org/wiki/Eastern_Railway_(Western_Australia),1881,1893,,120
WARRACKNABEAL-BEULAH,4,,https://en.wikipedia.org/wiki/Hopetoun_railway_line,1886,1893,,
BROADMEADOWS LINE,59,Craigieburn line,https://en.wikipedia.org/wiki/Craigieburn_line,1860,1894,,27
NORTHAM GERALDTON RAILWAY,25,GERALDTON MULLEWA RAILWAY,https://en.wikipedia.org/wiki/Geraldton_to_Mullewa_railway_line,1893,1894,,107
MILLENDON JUNCTION NARNGULU RAILWAY,14,,"https://en.wikipedia.org/wiki/Midland_railway_line,_Western_Australia",,1894,,452
SNOWTOWN - WALLAROO,5,,https://en.wikipedia.org/wiki/Kadina%E2%80%93Brinkworth_railway_line,1879,1894,1993,95
NATIMUK-GAROKE,3,,https://en.wikipedia.org/wiki/Ararat_railway_line#Ararat_region,,1894,1986,
SNOWTOWN - BRINKWORTH,2,,https://en.wikipedia.org/wiki/Kadina%E2%80%93Brinkworth_railway_line,,1894,1990,
NATHALIA-PICOLA RAILWAY,3,,https://en.wikipedia.org/wiki/Picola,,1896,1986,
GOONYELLA SYSTEM,294,Eagle Junction to Doomben,https://en.wikipedia.org/wiki/Doomben_railway_line,1882,1897,,8
WERRIS CREEK MUNGINDI RAILWAY,211,Mungindi railway line,https://en.wikipedia.org/wiki/Mungindi_railway_line,1879,1897,,
CLEVELAND LINE,60,Park Road to Cleveland,https://en.wikipedia.org/wiki/Cleveland_railway_line,1888,1897,,37
PERTH KALGOORLIE RAILWAY,42,,https://en.wikipedia.org/wiki/Eastern_Goldfields_Railway,1894,1897,,373
WINTON BRANCH,6,Hughenden to Winton,https://en.wikipedia.org/wiki/Hughenden-Winton_railway_line,1897,1899,2008,212
MELBA LINE,158,,https://en.wikipedia.org/wiki/Melba_Line,1878,1900,,130
PUFFING BILLY RAILWAY,95,,https://en.wikipedia.org/wiki/Puffing_Billy_Railway,1899,1900,1953,25
BELGRAVE LINE,91,,https://en.wikipedia.org/wiki/Belgrave_line,1889,1900,,42
KOORAWATHA GRENFELL RAILWAY,13,,https://en.wikipedia.org/wiki/Grenfell_railway_line,,1901,,
MUNGANA BRANCH,13,Almaden to Mungana,https://en.wikipedia.org/wiki/Tablelands_railway_line,,1901,1992,
BYROCK BREWARRINA RAILWAY,11,,https://en.wikipedia.org/wiki/Brewarrina_railway_line,1900,1901,1974,94
WHYALLA - IRON KNOB,2,,https://en.wikipedia.org/wiki/BHP_Whyalla_Tramway,,1901,,112
MOREE INVERELL RAILWAY,106,,https://en.wikipedia.org/wiki/Inverell_railway_line,1900,1902,1994,154
OLD BEECHY RAILTRAIL,66,,https://en.wikipedia.org/wiki/Old_Beechy_Rail_Trail,,1902,1962,45
GOULBURN CROOKWELL RAILWAY,15,,https://en.wikipedia.org/wiki/Crookwell_railway_line,,1902,1989,57
CASINO MURWILLUMBAH RAILWAY,249,,https://en.wikipedia.org/wiki/Murwillumbah_railway_line,1894,1903,2020,
YELTA LINE,225,Mildura railway line,https://en.wikipedia.org/wiki/Mildura_railway_line,1874,1903,,474
DUBBO COONAMBLE RAILWAY,50,,https://en.wikipedia.org/wiki/Coonamble_railway_line,,1903,,
COOTAMUNDRA TUMUT RAILWAY,32,,https://en.wikipedia.org/wiki/Tumut_and_Kunama_railway_lines,1884,1903,,104
MIDLAND KWINANA RAILWAY,16,,https://en.wikipedia.org/wiki/Kwinana_freight_railway,,1903,,
KALGOORLIE LEONORA RAILWAY,4,,https://en.wikipedia.org/wiki/Leonora_railway_line,1897,1903,,259
NORTH COAST RAILWAY,699,North Coast railway line,"https://en.wikipedia.org/wiki/North_Coast_railway_line,_New_South_Wales",1894,1905,,795
BELL BRANCH RAILWAY,17,Dalby to Bell,https://en.wikipedia.org/wiki/Bell_Branch_railway_line,1904,1906,1994,
BURREN JUNCTION POKATAROO RAILWAY,14,,https://en.wikipedia.org/wiki/Pokataroo_railway_line,,1906,,
TAILEM BEND - PINNAROO,8,,"https://en.wikipedia.org/wiki/Pinnaroo_railway_line,_South_Australia",,1906,2015,154
BRUNSWICK JUNCTION NARROGIN RAILWAY,34,,https://en.wikipedia.org/wiki/Brunswick_Junction_to_Narrogin_railway_line,1898,1907,1988,186
TOCUMWAL LINE,121,,"https://en.wikipedia.org/wiki/Tocumwal_railway_line,_Victoria",1860,1908,,251
NARRANDERA TOCUMWAL RAILWAY,56,,"https://en.wikipedia.org/wiki/Tocumwal_railway_line,_New_South_Wales",1884,1908,1988,
NARRABRI WEST WALGETT RAILWAY,43,,https://en.wikipedia.org/wiki/Walgett_railway_line,,1908,,
LILYDALE-WARBURTON RAIL TRAIL,77,,https://en.wikipedia.org/wiki/Warburton_railway_line,1901,1909,1965,
YEPPOON BRANCH,12,,https://en.wikipedia.org/wiki/North_Rockhampton_to_Emu_Park_railway_line,1898,1909,2007,47
WONNERUP NANNUP RAILWAY,9,,https://en.wikipedia.org/wiki/Nannup_railway_line,1871,1909,1984,
KILCOY BRANCH,8,Caboolture to Kilcoy,https://en.wikipedia.org/wiki/Kilcoy_railway_line,,1909,1996,
ISIS BRANCH,7,,https://en.wikipedia.org/wiki/Isis_railway_line,1887,1909,1964,
NYORA-WONTHAGGI RAIL TRAIL,103,,https://en.wikipedia.org/wiki/Wonthaggi_railway_line,1909,1910,1978,53
COWRA EUGOWRA RAILWAY,24,,https://en.wikipedia.org/wiki/Eugowra_railway_line,,1910,1991,80
WALHALLA GOLDFIELDS RAILWAY,20,,https://en.wikipedia.org/wiki/Walhalla_Goldfields_Railway,1904,1910,1954,
THE ATHERTON-HERBERTON HISTORIC RAILWAY INC.,13,,"https://en.wikipedia.org/wiki/Herberton,_Queensland",1887,1910,1988,
MULLEWA MEEKATHARRA RAILWAY,8,,https://en.wikipedia.org/wiki/Mullewa%E2%80%93Meekatharra_railway,1895,1910,1978,433
SELWYN BRANCH,1,,https://en.wikipedia.org/wiki/Great_Northern_Railway_(Mt_Isa_line),,1910,1961,
WYALKATCHEM MUKINBUDIN RAILWAY,1,,https://en.wikipedia.org/wiki/Wyalkatchem_to_Southern_Cross_railway_line,1906,1910,,253
KINGAROY BRANCH,38,Theebine to Kingaroy,https://en.wikipedia.org/wiki/Nanango_railway_line,1882,1911,2011,
NANANGO BRANCH,14,,https://en.wikipedia.org/wiki/Nanango_railway_line,1882,1911,2011,
MACKAY BRANCH,9,,https://en.wikipedia.org/wiki/Mackay_Railway,1885,1911,2007,68
GOOMALLING WEST MERREDIN RAILWAY,6,,https://en.wikipedia.org/wiki/Goomalling_to_West_Merredin_railway_line,1906,1911,,183
CAIRNS RAILWAY,3,,https://en.wikipedia.org/wiki/Cairns-to-Kuranda_railway_line,1910,1911,1988,
HADEN BRANCH RAILWAY,2,,https://en.wikipedia.org/wiki/Haden_railway_line,1910,1911,1964,33
HURSTBRIDGE LINE,179,,https://en.wikipedia.org/wiki/Hurstbridge_line,1888,1912,,37
DONNYBROOK KATANNING RAILWAY,36,,https://en.wikipedia.org/wiki/Donnybrook_to_Katanning_railway_line,1906,1912,1982,212
THE ROCK OAKLANDS RAILWAY,35,,"https://en.wikipedia.org/wiki/Oaklands_railway_line,_New_South_Wales",1901,1912,,
PANITYA LINE,16,,"https://en.wikipedia.org/wiki/Pinnaroo_railway_line,_Victoria",,1912,2007,
PORT ALMA LINE,2,,"https://en.wikipedia.org/wiki/North_Coast_railway_line,_Queensland",,1912,1990,26
SEAFORD LINE,30,,https://en.wikipedia.org/wiki/Seaford_line,,1913,,36
BRISBANE VALLEY BRANCH,26,Wulkuraka to Yarraman,https://en.wikipedia.org/wiki/Brisbane_Valley_railway_line,1884,1913,1993,161
COOYAR BRANCH RAILWAY,10,Oakey to Cooyar,https://en.wikipedia.org/wiki/Cooyar_railway_line,,1913,1969,63
URANGAN BRANCH,7,Colton to Urangan,https://en.wikipedia.org/wiki/Hervey_Bay_(Urangan)_railway_line,1896,1913,1993,
TAMBELLUP GNOWANGERUP RAILWAY,6,,https://en.wikipedia.org/wiki/Ongerup_railway_line,1911,1913,2007,95
YORK BRUCE ROCK RAILWAY,2,,https://en.wikipedia.org/wiki/York_to_Bruce_Rock_railway_line,1898,1913,,152
WANDOAN BRANCH,14,Miles to Wandoan,https://en.wikipedia.org/wiki/Wandoan_railway_line,1913,1914,,
QUEANBEYAN CANBERRA RAILWAY,11,,https://en.wikipedia.org/wiki/Canberra_railway_station,,1914,,
JANDOWAE BRANCH,9,,https://en.wikipedia.org/wiki/Jandowae_railway_line,,1914,2013,46
TAILEM BEND - LOXTON,8,,https://en.wikipedia.org/wiki/Loxton_railway_line,1913,1914,2015,271
YAAPEET LINE,6,,https://en.wikipedia.org/wiki/Yaapeet_railway_line,1894,1914,,
NARROGIN WEST MERREDIN RAILWAY,5,,https://en.wikipedia.org/wiki/Merredin_to_Narrogin_railway_line,1908,1914,,216
CECIL PLAINS BRANCH RAILWAY,3,,https://en.wikipedia.org/wiki/Cecil_Plains_railway_line,,1914,1994,
MURCHISON COLBINABBIN RAILWAY,2,,https://en.wikipedia.org/wiki/Colbinabbin_railway_line,1890,1914,1987,42
KAROONDA - GALGA,1,,https://en.wikipedia.org/wiki/Waikerie_railway_line,,1914,1994,119
KAROONDA - PEEBINGA,1,,https://en.wikipedia.org/wiki/Peebinga_railway_line,,1914,1990,106
PORT LINCOLN - THEVENARD,19,,https://en.wikipedia.org/wiki/Eyre_Peninsula_Railway,1907,1915,,434
COAST TO VINES RAIL TRAIL,9,,https://en.wikipedia.org/wiki/Coast_to_Vines_Rail_Trail,,1915,1969,45
MARY VALLEY BRANCH RAILWAY,9,,https://en.wikipedia.org/wiki/Mary_Valley_Rattler,1911,1915,1995,
ELMORE-COHUNA,6,,https://en.wikipedia.org/wiki/Cohuna_railway_line,,1915,1986,57
MOUNT MULLIGAN BRANCH,2,,https://en.wikipedia.org/wiki/Tablelands_railway_line,,1915,1958,48
BAIRNSDALE LINE,334,Gippsland line,https://en.wikipedia.org/wiki/Gippsland_line,1887,1916,,277
TABLELANDS SYSTEM,121,Cairns to Forsayth,https://en.wikipedia.org/wiki/Tablelands_railway_line,,1916,2013,
BOGAN GATE TOTTENHAM RAILWAY,50,,https://en.wikipedia.org/wiki/Bogan_Gate%E2%80%93Tottenham_railway_line,1907,1916,,114
GIPPSLAND,11,,https://en.wikipedia.org/wiki/Gippsland_railway_line,1877,1916,,
ATHERTON BRANCH,8,,https://en.wikipedia.org/wiki/Tablelands_railway_line,1903,1916,2013,
BAIRNSDALE TO ORBOST RAILWAY,1,,https://en.wikipedia.org/wiki/Orbost,,1916,1987,
BAIRNSDALE-ORBOST,1,,https://en.wikipedia.org/wiki/Orbost,,1916,1987,
YANAC-JEPARIT,1,,https://en.wikipedia.org/wiki/Yanac_railway_line,1912,1916,1986,
COOTAMUNDRA LAKE CARGELLIGO RAILWAY,119,,https://en.wikipedia.org/wiki/Lake_Cargelligo_railway_line,1913,1917,,70
ADELAIDE - CRYSTAL BROOK,88,,https://en.wikipedia.org/wiki/Adelaide%E2%80%93Port_Augusta_railway_line,1915,1917,,
PORT AUGUSTA - WA BORDER,70,,https://en.wikipedia.org/wiki/Trans-Australian_Railway,1912,1917,,
MOURA SYSTEM,66,Callemondah Yard,https://en.wikipedia.org/wiki/Moura_railway_line,1898,1917,,
MUSWELLBROOK MERRIWA RAILWAY,36,,https://en.wikipedia.org/wiki/Merriwa_railway_line,1915,1917,1987,80
RUSHWORTH-STANHOPE NORTH RAILWAY,23,,https://en.wikipedia.org/wiki/Colbinabbin_railway_line,,1917,1987,
YARAKA BRANCH,23,Jerico to Yaraka,https://en.wikipedia.org/wiki/Blackall_and_Yaraka_Branch_Railways,1908,1917,2005,
MURCHISON-RUSHWORTH RAILWAY,22,,https://en.wikipedia.org/wiki/Colbinabbin_railway_line,,1890,1987,
TRANS AUSTRALIAN RAILWAY,13,,https://en.wikipedia.org/wiki/Trans-Australian_Railway,1912,1917,,
CRYSTAL BROOK SPUR LINE,4,,https://en.wikipedia.org/wiki/Adelaide%E2%80%93Port_Augusta_railway_line,1915,1917,,
KESWICK - CRYSTAL BROOK,3,,https://en.wikipedia.org/wiki/Adelaide%E2%80%93Port_Augusta_railway_line,1915,1917,,
CRYSTAL BROOK GRAIN LOOP,2,,https://en.wikipedia.org/wiki/Adelaide%E2%80%93Port_Augusta_railway_line,1915,1917,,
MILE END - CRYSTAL BROOK,2,,https://en.wikipedia.org/wiki/Adelaide%E2%80%93Port_Augusta_railway_line,1915,1917,,
DAJARRA BRANCH,1,Dutchess to Dajarra,https://en.wikipedia.org/wiki/Dajarra_and_Selwyn_railway_lines,1911,1917,1988,50
STOCKINBINGAL PARKES RAILWAY,108,Forbes Line,https://en.wikipedia.org/wiki/Stockinbingal%E2%80%93Parkes_railway_line,1893,1918,,
PARKES NARROMINE RAILWAY,75,,https://en.wikipedia.org/wiki/Parkes%E2%80%93Narromine_railway_line,1893,1918,,106
DUBBO MERRYGOEN RAILWAY,49,,https://en.wikipedia.org/wiki/Troy_Junction%E2%80%93Merrygoen_railway_line,,1918,,
BOWELLING WAGIN RAILWAY,8,,https://en.wikipedia.org/wiki/Wagin_to_Bowelling_railway_line,1914,1918,1986,
NORTH GEELONG-FYANSFORD,4,,https://www.railgeelong.com/lineguide.php?line=fyansford,,1918,2003,
RATTLER TRAIL,2,,https://en.wikipedia.org/wiki/Spalding_railway_line,,1918,1984,84
APAMURRA LINE,9,,https://en.wikipedia.org/wiki/Sedan_railway_line,,1919,2005,70
APAMURRA - CAMBRAI,1,,https://en.wikipedia.org/wiki/Sedan_railway_line,,1919,1987,
KULWIN LINE,53,,https://en.wikipedia.org/wiki/Kulwin_railway_line,1883,1920,2010,
INJUNE BRANCH,11,Roma to Injune,https://en.wikipedia.org/wiki/Injune_railway_line,,1920,1967,53
HENTY RAND RAILWAY,4,,https://en.wikipedia.org/wiki/Rand_railway_line,1918,1920,1987,53
NATIMUK-CAVANDISH,4,,https://en.wikipedia.org/wiki/Ararat_railway_line#Ararat_region,,1920,1979,
CRABOON COOLAH RAILWAY,1,,https://en.wikipedia.org/wiki/Coolah_railway_line,,1920,1986,42
GOULBURN BOMBALA RAILWAY,242,,https://en.wikipedia.org/wiki/Bombala_railway_line,1884,1921,,109
WODONGA-CUDGEWA RAIL TRAIL,62,,https://en.wikipedia.org/wiki/Cudgewa_railway_line,1889,1921,1981,114
WAGGA WAGGA TUMBARUMBA RAILWAY,12,,https://en.wikipedia.org/wiki/Tumbarumba_railway_line,1917,1921,1974,129
MILLAA MILLAA  BRANCH,9,,https://en.wikipedia.org/wiki/Tablelands_railway_line,1910,1921,1964,
BANDIANA LINE,3,,https://en.wikipedia.org/wiki/Cudgewa_railway_line,1889,1921,1981,114
MOUNT EDWARDS BRANCH,14,Munbilla to Mount Edwards,https://en.wikipedia.org/wiki/Mount_Edwards_railway_line,1916,1922,1960,
WALLERAWANG GWABEGAR RAILWAY,320,Gwabegar railway line,https://en.wikipedia.org/wiki/Gwabegar_railway_line,1882,1923,,432
BARMEDMAN RANKIN SPRINGS RAILWAY,17,,https://en.wikipedia.org/wiki/Rankins_Springs_railway_line,,1923,2004,
PROSTON BRANCH,11,Murgon to Proston,https://en.wikipedia.org/wiki/Proston_railway_line,1915,1923,1993,
GILMORE BATLOW RAILWAY,5,,https://en.wikipedia.org/wiki/Tumut_and_Kunama_railway_lines,,1923,1983,
TARANA OBERON RAILWAY,5,,https://en.wikipedia.org/wiki/Oberon_Tarana_Heritage_Railway,,1923,1979,24
KATANNING NYABING RAILWAY,3,,https://en.wikipedia.org/wiki/Pingrup_railway_line,1911,1923,1957,95
NORTH COAST LINE,874,Brisbane to Cairns,"https://en.wikipedia.org/wiki/North_Coast_railway_line,_Queensland",1880,1924,,1681
ROBINVALE LINE,193,,https://en.wikipedia.org/wiki/Robinvale_railway_line,1882,1924,2008,301
GLENREAGH DORRIGO RAILWAY,15,,https://en.wikipedia.org/wiki/Dorrigo_railway_line,1914,1924,1972,66
GLENREAGH MOUNTAIN TOURIST RAILWAY,5,,https://en.wikipedia.org/wiki/Dorrigo_railway_line,,1924,1972,66
MOLONG DUBBO RAILWAY,37,,https://en.wikipedia.org/wiki/Molong%E2%80%93Dubbo_railway_line,1920,1925,1993,131
CALLIDE VALLEY BRANCH,28,Rannes to Earlsfield,https://en.wikipedia.org/wiki/Callide_Valley_railway_line,1924,1925,1999,
HOPETOUN LINE,27,,https://en.wikipedia.org/wiki/Hopetoun_railway_line,,1886,,
KALGOORLIE ESPERANCE RAILWAY,9,WEST KALGOORLIE ESPERANCE RAILWAY,https://en.wikipedia.org/wiki/Esperance_railway_line,1908,1925,,373
TOODYAY WEST MILING RAILWAY,5,,https://en.wikipedia.org/wiki/Clackline%E2%80%93Miling_railway,,1925,1966,
REDCLIFFS - MERINGUR,3,,https://en.wikipedia.org/wiki/Meringur,,1925,1988,
YILLIMINNING WEST MERREDIN RAILWAY,3,,https://en.wikipedia.org/wiki/Merredin_to_Yilliminning_railway_line,1912,1925,,260
MOAMA BALRANALD RAILWAY,86,,https://en.wikipedia.org/wiki/Balranald_railway_line,1923,1926,2008,194
PIANGIL LINE,84,,https://en.wikipedia.org/wiki/Piangil_railway_line,1882,1926,,225
CUMMINS - KIMBA,19,,https://en.wikipedia.org/wiki/Eyre_Peninsula_Railway,1912,1926,,213
WAGIN NEWDEGATE RAILWAY,6,,https://en.wikipedia.org/wiki/Newdegate_railway_line,1906,1926,,180
YUNGERA-PIANGIL,3,,https://en.wikipedia.org/wiki/Piangil_railway_line,1915,1926,1981,
LAKE GRACE HYDEN RAILWAY,2,,https://en.wikipedia.org/wiki/Newdegate_railway_line,1906,1926,,182
MOUNT MOLLOY RUMULA LINE,2,,https://en.wikipedia.org/wiki/Tablelands_railway_line,1908,1926,1964,
ORANGE BROKEN HILL RAILWAY,229,Broken Hill railway line,https://en.wikipedia.org/wiki/Broken_Hill_railway_line,1884,1927,,801
DAWSON VALLEY BRANCH,44,Kabra to Rannes,https://en.wikipedia.org/wiki/Dawson_Valley_(Theodore)_railway_line,1898,1927,1995,
BOWSER-PEECHELBA RAILWAY,1,,https://en.wikipedia.org/wiki/Peechelba_East_railway_line,,1927,1986,
WESTERN SYSTEM,154,Emerald to Winton,https://en.wikipedia.org/wiki/Central_Western_railway_line,1867,1928,,863
WEST MORETON SYSTEM,139,Rosewood to Miles,,1867,1928,,
CENTRAL WESTERN SYSTEM,122,Emerald to Winton,https://en.wikipedia.org/wiki/Central_Western_railway_line,1867,1928,,863
GAYNDAH MONTO BRANCH,50,Mungar to Monto,https://en.wikipedia.org/wiki/Mungar_Junction_to_Monto_railway_line,1889,1928,2012,267
URANQUINTY KYWONG RAILWAY,3,,https://en.wikipedia.org/wiki/Kywong_railway_line,1926,1928,1988,53
MOUNT ISA LINE,208,Great Northern Railway,https://en.wikipedia.org/wiki/Great_Northern_Railway_(Mt_Isa_line),1880,1929,,1000
ALBION-BROADMEADOWS,38,,https://en.wikipedia.org/wiki/Albion%E2%80%93Jacana_railway_line,,1929,,
THE OLD GHAN ROUTE,32,,https://en.wikipedia.org/wiki/Central_Australia_Railway,1878,1929,1981,1241
NORTH AUSTRALIA RAILWAY,22,,https://en.wikipedia.org/wiki/North_Australia_Railway,1889,1929,1976,509
WEST WYALONG BURCHER RAILWAY,17,,https://en.wikipedia.org/wiki/Burcher_railway_line,,1929,2005,
UNGARIE NARADHAN RAILWAY,5,,https://en.wikipedia.org/wiki/Naradhan_railway_line,,1929,,
ELLEKER NORNALUP RAILWAY,3,,https://en.wikipedia.org/wiki/Nornalup_railway_line,1889,1929,1957,97
AMERY KALANNIE RAILWAY,2,,https://en.wikipedia.org/wiki/Kalannie_railway_line,1927,1929,,98
BURAKIN BONNIE ROCK RAILWAY,2,,https://en.wikipedia.org/wiki/Kalannie_railway_line,1927,1929,,98
GREAT NORTHERN LINE,1,,https://en.wikipedia.org/wiki/Great_Northern_Railway_(Mt_Isa_line),1880,1929,,1000
GLEN WAVERLEY LINE,63,,https://en.wikipedia.org/wiki/Glen_Waverley_line,1890,1930,,21
TEXAS BRANCH,6,,https://en.wikipedia.org/wiki/Texas_railway_line,1929,1930,1994,
WHYALLA - IRON BARON,3,,https://en.wikipedia.org/wiki/BHP_Whyalla_Tramway,,1930,,
TEMORA ROTO RAILWAY,92,,https://en.wikipedia.org/wiki/Temora%E2%80%93Roto_railway_line,1920,1931,,
EAST HILLS RAILWAY,57,,https://en.wikipedia.org/wiki/East_Hills_railway_line,,1931,,
GLADSTONE MONTO BRANCH,32,Calliope to Monto,https://en.wikipedia.org/wiki/Byellee_to_Monto_railway_line,1910,1931,2005,
INTERSTATE LINE,73,Roma Street to NSW Border,https://en.wikipedia.org/wiki/Sydney%E2%80%93Brisbane_rail_corridor,1930,1932,,792
OAKLANDS LINE,38,,"https://en.wikipedia.org/wiki/Oaklands_railway_line,_Victoria",1883,1932,,125
CAMURRA BOGGABILLA RAILWAY,17,,https://en.wikipedia.org/wiki/Boggabilla_railway_line,1928,1932,2013,130
MOSS VALE UNANDERRA RAILWAY,16,,https://en.wikipedia.org/wiki/Unanderra%E2%80%93Moss_Vale_railway_line,1925,1932,,57
PICTON JUNCTION NORTHCLIFFE RAILWAY,26,,https://en.wikipedia.org/wiki/Northcliffe_railway_line,1891,1933,,205
DERWENT VALLEY LINE,132,,https://en.wikipedia.org/wiki/Derwent_Valley_Railway_(Tasmania),1887,1936,1995,74
PORT AUGUSTA YARD,55,,,1915,1937,,
COONAMIA - PORT AUGUSTA,9,,,1915,1937,,315
MERRITON - PORT PIRIE,1,,https://en.wikipedia.org/wiki/Adelaide%E2%80%93Port_Augusta_railway_line,,1937,,
BUNGENDORE CAPTAINS FLAT RAILWAY,12,,https://en.wikipedia.org/wiki/Captains_Flat_railway_line,1938,1940,1968,
KWINANA MUNDIJONG JUNCTION RAILWAY,5,,https://en.wikipedia.org/wiki/Kwinana_freight_railway,,1950,,
LEIGH CREEK COALFIELD LINE,320,Marree railway line,https://en.wikipedia.org/wiki/Marree_railway_line,1956,1957,2016,
GREAT NORTHERN RAILWAY,11,MARREE ALICE SPRINGS RAILWAY,https://en.wikipedia.org/wiki/Marree_railway_line,,1957,2016,
WEST COAST WILDERNESS RAILWAY,51,,https://en.wikipedia.org/wiki/West_Coast_Wilderness_Railway,1899,1963,,35
HAMERSLEY IRON ORE RAILWAY,52,,https://en.wikipedia.org/wiki/Hamersley_%26_Robe_River_railway,,1966,,1700
ROBE RIVER RAILROAD,18,,https://en.wikipedia.org/wiki/Hamersley_%26_Robe_River_railway,,1966,,1700
COFFIN BAY - PORT LINCOLN,17,,https://en.wikipedia.org/wiki/Coffin_Bay_tramway,,1966,1989,40
GOLDSWORTHY LTD RAILWAY,16,,https://en.wikipedia.org/wiki/Goldsworthy_railway,,1966,,208
PENONG JUNCTION - KEVIN,2,,https://en.wikipedia.org/wiki/Eyre_Peninsula_Railway,,1966,,
BLACKWATER SYSTEM,295,Rocklands to Nogoa,https://en.wikipedia.org/wiki/Blackwater_railway_system,,1967,,1111
MOURA LINE,18,Moura to Baralaba,https://en.wikipedia.org/wiki/Moura_railway_line,,1968,,
FORRESTFIELD KENWICK RAILWAY,2,,https://en.wikipedia.org/wiki/Kwinana_freight_railway,,1968,,
MOUNT NEWMAN RAILROAD,28,,https://en.wikipedia.org/wiki/Mount_Newman_railway,,1969,,426
WHYALLA BRANCH,26,,https://en.wikipedia.org/wiki/Whyalla_railway_line,,1972,,74
WHYALLA HARBOR,26,,https://en.wikipedia.org/wiki/Whyalla_railway_line,,1972,,
WHYALLA,25,,https://en.wikipedia.org/wiki/Whyalla_railway_line,,1972,,
BELL BAY LINE,155,,https://en.wikipedia.org/wiki/Bell_Bay_Line,1973,1974,,57
GREENVALE BRANCH,10,Cobarra to Greenvale,https://en.wikipedia.org/wiki/Greenvale_railway_line,1972,1974,1992,225
DONGARA ENEABBA RAILWAY,4,,https://en.wikipedia.org/wiki/Dongara%E2%80%93Eneabba_railway_line,,1976,2013,94
NOARLUNGA - ADELAIDE,14,,https://en.wikipedia.org/wiki/Seaford_line,1913,1978,,36
EASTERN SUBURBS RAILWAY,18,,https://en.wikipedia.org/wiki/Eastern_Suburbs_railway_line,,1979,,7
SUNSHINE COAST LINE,12,Roma Street to Caboolture,https://en.wikipedia.org/wiki/Sunshine_Coast_railway_line,,1980,,180
SANDY HOLLOW GULGONG RAILWAY,72,,https://en.wikipedia.org/wiki/Sandy_Hollow%E2%80%93Gulgong_railway_line,1937,1985,,125
EAST GIPPSLAND RAIL TRAIL,117,,https://en.wikipedia.org/wiki/East_Gippsland_Rail_Trail,,1916,1987,96
WHYALLA - IRON DUKE,11,,https://en.wikipedia.org/wiki/BHP_Whyalla_Tramway,,1990,1998,
YANDI SPUR LINE,9,,https://en.wikipedia.org/wiki/Goldsworthy_railway,,1990,,
JIMBLEBAR SPUR LINE,5,,https://en.wikipedia.org/wiki/Mount_Newman_railway,,1990,,
AREA C SPUR LINE,4,,https://en.wikipedia.org/wiki/Mount_Newman_railway,,1990,,
WESTERN SG LINE,380,Western standard gauge railway line,https://en.wikipedia.org/wiki/Western_standard_gauge_railway_line,1994,1995,,532
PUFFING BILLY RAILWAY,95,,https://en.wikipedia.org/wiki/Puffing_Billy_Railway,1958,1998,,25
AIRPORT LINE,27,,"https://en.wikipedia.org/wiki/Airport_railway_line,_Brisbane",,2001,,16
TARCOOLA DARWIN RAILWAY,41,,https://en.wikipedia.org/wiki/Adelaide%E2%80%93Darwin_railway_line,1975,2004,,2979
DARWIN LINE,31,,https://en.wikipedia.org/wiki/Adelaide%E2%80%93Darwin_railway_line,1975,2004,,
GOLD COAST LINE,37,Beenleigh to Varsity Lakes,https://en.wikipedia.org/wiki/Gold_Coast_railway_line,1996,2007,,
EAST PERTH COCKBURN NORTH RAILWAY,10,,https://en.wikipedia.org/wiki/Cockburn_Central_railway_station,,2007,,21
PERTH MANDURAH RAILWAY,5,,https://en.wikipedia.org/wiki/Mandurah_line,,2007,,71
PERTH COCKBURN RAILWAY,1,,https://en.wikipedia.org/wiki/Cockburn_Central_railway_station,2005,2007,,
WEST TAMWORTH BARRABA RAILWAY,63,,https://en.wikipedia.org/wiki/Barraba_railway_line,1908,2008,,99
THE FORTESCUE RAILWAY,14,"SOLOMON HUB RAILWAY, CHICHESTER HUB RAILWAY",https://en.wikipedia.org/wiki/Fortescue_railway,,2008,,
REGIONAL RAIL LINK,20,,https://en.wikipedia.org/wiki/Regional_Rail_Link_project,,2009,2015,48
WODONGA RAIL BYPASS,13,,https://en.wikipedia.org/wiki/Wodonga_Rail_Bypass,2008,2010,,
NEWLANDS SYSTEM,78,Pring to North Goonyella,https://en.wikipedia.org/wiki/GAP_line,1922,2012,,
TILLEY KARARA RAILWAY,3,,https://en.wikipedia.org/wiki/Karara_railway_line,2010,2012,,78
UNKNOWN,7722,,,,,,
YARRA VALLEY TOURIST RAILWAY,64,,https://en.wikipedia.org/wiki/Yarra_Valley_Railway,,,,12
PORT LINCOLN YARD,60,,,,,,
PRIVATE RAILWAY,56,,,,,,
BLACKTOWN RICHMOND RAILWAY,49,,https://en.wikipedia.org/wiki/Richmond_railway_line,,1864,,
OLYMPIC PARK RAILWAY,44,,,,,,
PORT KEMBLA RAILWAY,43,,,,,,
SOUTH WEST RAILWAY,43,,,,,,
OUTER HARBOR LINE,39,,,,,,
VICTORIAN GOLDFIELDS RAILWAY,34,,,,,,
FERNY GROVE LINE,32,,,,,,
FLINDERS STREET-VIADUCT,32,,,,,,
RAILCAR DEPOT SIDETRACK,32,,,,,,
SYDENHAM BANKSTOWN RAILWAY,30,,,,,,
NUMURKAH-NATHALIA RAILWAY,28,,https://en.wikipedia.org/wiki/Numurkah_railway_station,1881,1993,,
SOUTH KENSINGTON-WEST FOO,27,,,,,,
SUTHERLAND CROA RAILWAY,26,,,,,,
BALLARAT-BUNINYONG RAILWAY,25,,,,,,
PORT PIRIE ENVIRONS,25,,,,,,
UNDERGROUND LOOP,25,,,,,,
TAILEM BEND YARD,23,,,,,,
CITY CIRCLE RAILWAY,22,,,,,,
GLENELG TRAM,22,,,,,,
CABRAMATTA REGENTS PARK RAILWAY,21,,,,,,
FISHERMAN ISLANDS FREIGHT LINE  (B),21,,,,,,
SHORNCLIFFE LINE,21,,,,,,
SPRINGFIELD LINE,21,,,,,,
CLYDE CARLINGFORD RAILWAY,20,,,,,,
DOOKIE LINE,20,,https://en.wikipedia.org/wiki/Shepparton_railway_station,,1888,,
INTERCONNECTING RAILWAY,20,,,,,,
ALAMEIN LINE,19,,,,,,
PORT PIRIE SPUR LINE,19,,,,,,
THEVENARD YARD,18,,,,,,
IDA BAY RAILWAY,17,,,,,,
EXHIBITION LINE,16,,,,,,
MARIBYRNONG RIVER BRANCH,16,,,,,,
MARY VALLEY RAILWAY,16,,,,,,
ZIG ZAG HISTORICAL RAILWAY,16,,,,,,
DRAYTON BALLOON LOOP,15,,,,,,
REDCLIFFE PENINSULA LINE,15,,,,,,
BANKSTOWN REGENTS PARK RAILWAY,14,,,,,,
ENTERTAINMENT CENTRE TRAM,13,,,,,,
REGENTS PARK LIDCOMBE RAILWAY,13,,,,,,
GREENFIELDS RAIL TRACK 02,12,,,,,,
RICHMOND VALE RAILWAY,12,,https://en.wikipedia.org/wiki/Richmond_Vale_railway_line,,,,29
BORDERTOWN SPUR LINE,11,,,,,,
EAST END TRAM,11,,,,,,
FISHERMAN ISLANDS FREIGHT LINE  (S),11,Dutton Park to Fisherman Islands,https://en.wikipedia.org/wiki/Fisherman_Islands_railway_line,,,,24
HELLYER SPUR,11,,,,,,
MELBOURNE-COBURG,11,,https://en.wikipedia.org/wiki/Upfield_line,,,,20
COMALCO RAILWAY,10,,,,,,
ST KILDA TRAMWAY,10,,,,,,
SWANBANK BRANCH,10,,,,,,
BRIGHTON,9,,,,,,
KEITH SPUR LINE,9,,,,,,
MARYVALE MILL LINE,9,,,,,,
WINTERSLOW SPUR LINE,9,,,,,,
DOOMBEN LINE,8,,,,,,
FESTIVAL CENTRE TRAM,8,,,,,,
KWINANA LOOP RAILWAY,8,,,,,,
MACKAY HARBOUR,8,,,,,,
MURRAY BRIDGE DOCKYARDS,8,,,,,,
OKEEFE RAIL TRAIL,8,,,,,,
RAVENSHOE STEAM RAILWAY,8,,,,,,
RUSHWORTH-COLBINABBIN RAILWAY,8,,https://en.wikipedia.org/wiki/Colbinabbin_railway_line,1890,1914,1987,
Sydney Metro Northwest,8,,,,,,
BETHUNGRA SPIRAL,7,,,,,,
DON RIVER RAILWAY,7,,,,,,
FISHERMAN ISLANDS FREIGHT LINE  (D),7,,,,,,
GALONG BOOROWA RAILWAY,7,,,,,,
NEVERTIRE WARREN RAILWAY,7,,,,,,
NUMURKAH-COBRAM RAILWAY,7,,,,,,
PENONG JUNCTION - PENONG,7,,,,,,
SEAFORD - ADELAIDE,7,,,,,,
SOUTHERN RAILWAY,7,,,,,,
WEE GEORGIE WOOD STEAM RAILWAY,7,,,,,,
ADELAIDE - OUTER HARBOR,6,,,,,,
CAIRNS WHARF COMPLEX,6,,,,,,
EPPING CHATSWOOD RAILWAY,6,,,,,,
FLEMINGTON RACECOURSE,6,,,,,,
GLADSTONE SPUR LINE,6,,,,,,
GOODWOOD - ADELAIDE 02,6,,,,,,
MURRAY BRIDGE SPUR LINE,6,,,,,,
WIRREGA SPUR LINE,6,,,,,,
CAVAN - DRY CREEK 04,5,,,,,,
FITZROY-WHITTLESEA,5,,,,,,
GRANGE LINE,5,,,,,,
LALEHAM BRANCH,5,,,,,,
MARYVALE BRANCH,5,,,,,,
MOUNT GAMBIER RAIL TRAIL,5,,,,,,
MOUNT MORGAN RAILWAY MUSEUM,5,,,,,,
PIMBA SPUR,5,,,,,,
PORT AUGUSTA - QUORN (PICHI RICHI RAILWAY),5,,,,,,
VICTOR HARBOR SPUR LINE,5,,,,,,
WINDERA BRANCH,5,,,,,,
ALBERTON - DRY CREEK01,4,,,,,,
AMIENS BRANCH,4,,,,,,
ARCHER PARK RAIL MUSEUM,4,,,,,,
BALLARAT CATTLE YARDS BRANCH RAILWAY,4,,,,,,
COONALPYN SPUR LINE,4,,,,,,
CUMMINS SPUR LINE,4,,,,,,
GOULBURN VALLEY RAILWAY,4,,,,,,
GULGONG MARY VALE RAILWAY,4,,"https://en.wikipedia.org/wiki/Maryvale,_New_South_Wales",1937,,,125
PENRICE LINE,4,,,,,,
PICHI RICHI RAIL SPUR LINE,4,,,,,,
PINKENBA LINE,4,,,,,,
SEAFORD - ALDINGA,4,,,,,,
TEXAS & INGLEWOOD HERITAGE RAILWAY,4,,,,,,
TINTINARA SPUR LINE,4,,,,,,
ZINC WORKS LINE,4,,,,,,
ADELAIDE AREA 02,3,,,,,,
ALUMINA JUNCTION CALCINE RAILWAY,3,,,,,,
AMY GILLETT BIKEWAY,3,,,,,,
CALLINGTON SPUR LINE,3,,,,,,
CAVAN - DRY CREEK 01,3,,,,,,
COCKBURN NORTH SOUNDCEM RAILWAY,3,,,,,,
DARLING-GLEN WAVERLEY,3,,,,,,
FLINDERS LINK,3,,,,,,
HOLDEN ELIZABETH TRACK 01,3,,,,,,
LEIGH CREEK - PORT AUGUSTA PS,3,,,,,,
MIRBOO NORTH-BOOLARRA RAIL TRAIL,3,,,,,,
MOE-YALLOURN RAIL TRAIL,3,,,,,,
MUNDIJONG JARRAHDALE NO 2 RAILWAY,3,,,,,,
OUTER HARBOR SIDETRACK 02,3,,,,,,
PORT AUGUSTA WORKSHOPS TRACK,3,,,,,,
QUEENSLAND POINEER STEAM RAILWAY,3,,,,,,
RICHMOND-ALPHINGTON,3,,,,,,
ROPES CREEK RAILWAY,3,,,,,,
TARCOOLA SPUR LINE,3,,,,,,
TARONG BRANCH,3,,,,,,
WINGFIELD- DRY CREEK 05,3,,,,,,
WOLSELEY SPUR LINE,3,,,,,,
ALLORA BRANCH RAILWAY,2,,,,,,
BALLARAT RACECOURSE & SPRINGS RAILWAY,2,,,,,,
BEECHWORTH-YACKANDANDAH RAILWAY,2,,,,,,
COLLIE WESTERN NO 2 RAILWAY,2,,,,,,
DARTBROOK BALLOON LOOP,2,,,,,,
ENTERTAINMENT CENTRE SPUR LINE,2,,,,,,
GILLMAN - EASTERN PDE 01,2,,,,,,
GLANVILLE STATION MIDDLE TRACK 01,2,,,,,,
GLANVILLE TO BIRKENHEAD 04,2,,,,,,
GOOLWA YARD,2,,,,,,
INVICTA MILL,2,,,,,,
KAMBALDA REDMINE RAILWAY,2,,,,,,
LAURA-STONE HUT RAIL TRAIL,2,,,,,,
MARYBOROUGH MINIATURE RAILWAY,2,,,,,,
MOUNT BARKER JUNCTION-VICTOR HARBOR,2,,,,,,
POORAKA LINE 01,2,,,,,,
PORT ADELAIDE FLAT,2,,,,,,
PORT FLAT TRACK,2,,,,,,
RAILWAY MUSEUM RAIL,2,,,,,,
SALSIBURY - ADELAIDE 03,2,,,,,,
SPUR,2,,,,,,
TONSLEY LINE,2,,,,,,
TOODYAY BRANCH LINE,2,,,,,,
WORSLEY HAMILTON RAILWAY,2,,,,,,
ABBATOIR BRANCH,1,,,,,,
ADELAIDE AREA 01,1,,,,,,
ANGASTON TO NURIOOTPA RAIL TRAIL,1,,,,,,
AVON RIVER RAIL BRIDGE,1,,,,,,
BEALIBA SIDING,1,,,,,,
BELAIR SIDETRACK 01,1,,,,,,
BLACKWOOD SECOND TRACK 01,1,,,,,,
BLUESCOPE LYSAGHT SIDING,1,,,,,,
CARNARVON JETTY TOURIST TRAMWAY,1,,,,,,
CAVAN TRACK 01,1,,,,,,
CHRISTIES BEACH SIDETRACK 01,1,,,,,,
CHRISTIES BEACH SIDETRACK 02,1,,,,,,
COCKBURN,1,,,,,,
COCKBURN EAST COCKBURN NORTH RAILWAY,1,,,,,,
COCKBURN NORTH COCKBURN SOUTH RAILWAY,1,,,,,,
COOMANDOOK SPUR LINE,1,,,,,,
COOMBE SPUR LINE,1,,,,,,
COONAMIA - PORT PIRIE,1,,,,,,
CROSS RIVER RAIL,1,,,,,,
CURRENCY CREEK SPUR LINE,1,,,,,,
DRY CREEK RAIL TRACK 01,1,,,,,,
DRY CREEK SPUR,1,,,,,,
DUDLEY PARK SIDETRACK 01,1,,,,,,
DUDLEY PARK SIDETRACK 04,1,,,,,,
EDEN HILLS SIDETRACK 01,1,,,,,,
FINNISS SPUR LINE,1,,,,,,
FREIGHT TERMINAL TURNSTYLE TRACK 01,1,,,,,,
GIPPSLAND RAILWAY,1,,,,,,
GLANVILLE STATION SIDETRACK 01,1,,,,,,
GLANVILLE TO BIRKENHEAD 02,1,,,,,,
GLANVILLE TO BIRKENHEAD 03,1,,,,,,
GOODWOOD - ADELAIDE 03,1,,,,,,
GOODWOOD-BELAIR 01,1,,,,,,
GOOMBURRA BRANCH,1,,,,,,
GRAIN TERMINAL,1,,,,,,
GRANGE - HENLEY BEACH,1,,,,,,
GREENFIELDS SIDETRACK 01,1,,,,,,
HALLET COVE SIDETRACK 01,1,,,,,,
HALLET COVE SIDETRACK 02,1,,,,,,
HOLDEN ELIZABETH TRACK 02,1,,,,,,
HOLDEN ELIZABETH TRACK 03,1,,,,,,
HOTHAM VALLEY TOURIST RAILWAY,1,,,,,,
ISLINGTON WORKSHOP TRACK 01,1,,,,,,
JAMESTOWN - YONGALA,1,,,,,,
KALAMIA MILL,1,,,,,,
KANANDAH SIDING,1,,,,,,
KAPPINNIE LINE,1,,,,,,
KORONG VALE - KULWIN,1,,,,,,
KORONG VALE CROSSING LOOP,1,,,,,,
KORONG VALE SIDING,1,,,,,,
KWINANA ALCOA RAILWAY,1,,,,,,
LAMEROO SILOS,1,,,,,,
LARGS BAY SIDETRACK 01,1,,,,,,
LARGS BAY SIDETRACK 03,1,,,,,,
LUBREK-WALLALOO,1,,,,,,
MAIN NORTH RAILWAY,1,,,,,,
MALLALA GRAIN LOOP,1,,,,,,
MARBURG BRANCH RAILWAY,1,,,,,,
MELBOURNE-HAWTHORN,1,,,,,,
MELROSE-WILMINGTON RAIL TRAIL,1,,,,,,
MIDDLETON SPUR LINE,1,,,,,,
MOE-YALLOURN,1,,,,,,
MOUNT BARKER JUNCTION SPUR LINE,1,,,,,,
MOUNT BARKER_JUNCTION - VICTOR HARBOR,1,,,,,,
NOWINGI-MILLEWA SOUTH,1,,,,,,
NURLUTTA SIDETRACK 01,1,,,,,,
NURLUTTA SIDETRACK 02,1,,,,,,
NURRAGI CONSERVATION RESERVE WALKING TRAIL,1,,,,,,
OAKLANDS PARK SIODETRACK 03,1,,,,,,
OUTER HARBOR SIDETRACK 03,1,,,,,,
PEACOCK RD SIDETRACK 01,1,,,,,,
PETWORTH SPUR LINE,1,,,,,,
PINNAROO AWB,1,,,,,,
PINNAROO SILOS,1,,,,,,
POORAKA LINE 02,1,,,,,,
PORT AUGUSTA SPUR LINE,1,,,,,,
PORT BROUGHTON - MUNDOORA,1,,,,,,
PORT DOCK SIDETRACK 04,1,,,,,,
PORT ELLIOT SPUR LINE,1,,,,,,
REDHILL SPUR LINE,1,,,,,,
REGENCY PARK SIDETRACK 01,1,,,,,,
ROCK RIVER SPUR LINE,1,,,,,,
ROCKY RIVER RAIL TRAIL,1,,,,,,
SALSIBURY SIDETRACK 01,1,,,,,,
SALSIBURY SIDETRACK 02,1,,,,,,
SANDERGROVE - MILANG,1,,,,,,
SEA LAKE SIDING,1,,,,,,
SEA WORLD MONORAIL,1,,,,,,
SKIPTON-BALLARAT,1,,,,,,
SNOWTOWN - BUTE,1,,,,,,
SOUTH EASTERN RAILWAY,1,,,,,,
SPENCER LOOP,1,,,,,,
STRATHMERTON TOCUMWAL RAILWAY,1,,,,,,
THACKARINGA LOOP,1,,,,,,
TONSLEY - ADELAIDE,1,,,,,,
WHYALLA UNLOADER,1,,,,,,
WINGFIELD - DRY CREEK 01,1,,,,,,
WIRRIDA LOOP,1,,,,,,
WOODVILLE - GRANGE 02,1,,,,,,
WOOMELANG SIDING,1,,,,,,
